harvest_area,year,month,day,season,season_year,mussels_collected,cpue_(no_per_hour)
Paternoster,2002,9,6,Summer,Summer2002,2000,72.73
Paternoster,2002,10,7,Summer,Summer2002,2000,71.43
Paternoster,2002,11,6,Summer,Summer2002,2000,66.67
Paternoster,2002,12,4,Summer,Summer2002,2000,66.67
Paternoster,2002,7,25,Winter,Winter2002,1950,44.32
Paternoster,2002,8,8,Winter,Winter2002,2000,66.67
Paternoster,2003,2,3,Summer,Summer2003,2000,66.67
Paternoster,2003,9,26,Summer,Summer2003,2000,83.33
Paternoster,2003,10,10,Summer,Summer2003,2000,83.33
Paternoster,2003,11,24,Summer,Summer2003,2000,133.33
Paternoster,2003,12,9,Summer,Summer2003,2000,83.33
Paternoster,2003,3,3,Winter,Winter2003,2000,83.33
Paternoster,2003,4,1,Winter,Winter2003,2000,100.00
Paternoster,2003,5,1,Winter,Winter2003,2000,80.00
Paternoster,2003,6,NaN,Winter,Winter2003,2000,66.67
Paternoster,2003,7,1,Winter,Winter2003,2000,100.00
Paternoster,2003,8,11,Winter,Winter2003,600,40.00
Paternoster,2003,8,28,Winter,Winter2003,1400,93.33
Paternoster,2004,1,7,Summer,Summer2004,2000,83.33
Paternoster,2004,2,NaN,Summer,Summer2004,2000,83.33
Paternoster,2004,9,21,Summer,Summer2004,2000,95.24
Paternoster,2004,10,21,Summer,Summer2004,2000,133.33
Paternoster,2004,12,13,Summer,Summer2004,2000,111.11
Paternoster,2004,3,NaN,Winter,Winter2004,2000,83.33
Paternoster,2004,5,5,Winter,Winter2004,2000,111.11
Paternoster,2004,6,17,Winter,Winter2004,2000,111.11
Paternoster,2004,7,1,Winter,Winter2004,2000,71.43
Paternoster,2004,8,19,Winter,Winter2004,2000,83.33
Paternoster,2005,1,26,Summer,Summer2005,2000,111.11
Paternoster,2005,2,3,Summer,Summer2005,2000,114.29
Paternoster,2005,10,16,Summer,Summer2005,2000,NaN
Paternoster,2005,11,2,Summer,Summer2005,2000,NaN
Paternoster,2005,12,1,Summer,Summer2005,2000,NaN
Paternoster,2005,12,1,Summer,Summer2005,2000,NaN
Paternoster,2005,3,NaN,Winter,Winter2005,2000,133.33
Paternoster,2005,4,25,Winter,Winter2005,2000,133.33
Paternoster,2005,5,11,Winter,Winter2005,2000,133.33
Paternoster,2005,6,6,Winter,Winter2005,400,22.86
Paternoster,2005,6,22,Winter,Winter2005,1600,114.29
Paternoster,2005,7,5,Winter,Winter2005,2000,133.33
Britannia Bay,2006,10,19,Summer,Summer2006,1200,104.35
Britannia Bay,2006,10,20,Summer,Summer2006,1000,111.11
Britannia Bay,2006,11,5,Summer,Summer2006,2000,272.73
Britannia Bay,2006,11,28,Summer,Summer2006,2100,286.36
Britannia Bay,2006,12,4,Summer,Summer2006,2600,288.89
Britannia Bay,2006,12,5,Summer,Summer2006,5000,681.82
Paternoster,2007,10,20,Summer,Summer2007,4000,166.67
Paternoster,2007,11,5,Summer,Summer2007,5500,305.56
Paternoster,2007,11,14,Summer,Summer2007,4000,333.33
Paternoster,2007,12,4,Summer,Summer2007,2500,277.78
Paternoster,2007,12,21,Summer,Summer2007,5000,416.67
Britannia Bay,2007,1,2,Summer,Summer2007,3800,633.33
Britannia Bay,2007,1,5,Summer,Summer2007,3550,591.67
Britannia Bay,2007,1,6,Summer,Summer2007,3000,545.45
Britannia Bay,2007,1,7,Summer,Summer2007,1100,300.00
Britannia Bay,2007,9,24,Summer,Summer2007,2000,500.00
Britannia Bay,2007,9,25,Summer,Summer2007,2700,337.50
Britannia Bay,2007,9,26,Summer,Summer2007,6400,533.33
Britannia Bay,2007,10,8,Summer,Summer2007,1050,262.50
Britannia Bay,2007,10,9,Summer,Summer2007,3265,816.25
Britannia Bay,2007,10,10,Summer,Summer2007,2140,535.00
Britannia Bay,2007,10,25,Summer,Summer2007,1500,500.00
Britannia Bay,2007,10,28,Summer,Summer2007,1650,550.00
Britannia Bay,2007,10,29,Summer,Summer2007,2620,873.33
Britannia Bay,2007,11,10,Summer,Summer2007,1000,250.00
Britannia Bay,2007,11,11,Summer,Summer2007,1950,243.75
Britannia Bay,2007,11,12,Summer,Summer2007,3800,337.78
Britannia Bay,2007,11,13,Summer,Summer2007,3000,233.16
Britannia Bay,2007,11,21,Summer,Summer2007,1100,275.00
Britannia Bay,2007,11,23,Summer,Summer2007,3100,775.00
Britannia Bay,2007,11,24,Summer,Summer2007,4000,333.33
Britannia Bay,2007,11,26,Summer,Summer2007,4000,500.00
Britannia Bay,2007,11,27,Summer,Summer2007,5240,524.00
Britannia Bay,2007,11,28,Summer,Summer2007,7130,407.43
Britannia Bay,2007,4,16,Winter,Winter2007,3200,1600.00
Britannia Bay,2007,4,17,Winter,Winter2007,6500,1625.00
Britannia Bay,2007,4,18,Winter,Winter2007,910,455.00
Britannia Bay,2007,4,19,Winter,Winter2007,7000,1166.67
Britannia Bay,2007,7,15,Winter,Winter2007,6000,1200.00
Britannia Bay,2007,8,1,Winter,Winter2007,4600,1150.00
Britannia Bay,2007,8,2,Winter,Winter2007,3600,720.00
Britannia Bay,2007,8,3,Winter,Winter2007,800,200.00
Britannia Bay,2007,8,15,Winter,Winter2007,1600,400.00
Britannia Bay,2007,8,17,Winter,Winter2007,4200,525.00
Paternoster,2008,1,22,Summer,Summer2008,2000,166.67
Paternoster,2008,1,23,Summer,Summer2008,2000,200.00
Paternoster,2008,1,24,Summer,Summer2008,2000,166.67
Paternoster,2008,1,25,Summer,Summer2008,2000,111.11
Paternoster,2008,1,26,Summer,Summer2008,1000,83.33
Paternoster,2008,1,27,Summer,Summer2008,2000,250.00
Paternoster,2008,1,28,Summer,Summer2008,2000,500.00
Paternoster,2008,2,1,Summer,Summer2008,500,125.00
Paternoster,2008,2,2,Summer,Summer2008,2000,500.00
Paternoster,2008,2,3,Summer,Summer2008,4000,400.00
Paternoster,2008,2,4,Summer,Summer2008,7500,535.71
Paternoster,2008,2,5,Summer,Summer2008,7000,291.67
Paternoster,2008,2,14,Summer,Summer2008,4000,500.00
Paternoster,2008,2,15,Summer,Summer2008,4000,400.00
Paternoster,2008,2,16,Summer,Summer2008,5000,416.67
Paternoster,2008,2,17,Summer,Summer2008,4000,166.67
Paternoster,2008,2,23,Summer,Summer2008,4000,166.67
Paternoster,2008,2,24,Summer,Summer2008,4000,190.48
Paternoster,2008,2,28,Summer,Summer2008,2000,125.00
Paternoster,2008,9,18,Summer,Summer2008,4700,470.00
Paternoster,2008,10,1,Summer,Summer2008,1000,83.33
Paternoster,2008,10,2,Summer,Summer2008,2500,166.67
Paternoster,2008,10,3,Summer,Summer2008,1500,250.00
Paternoster,2008,10,7,Summer,Summer2008,1800,225.00
Paternoster,2008,10,13,Summer,Summer2008,1000,125.00
Paternoster,2008,10,17,Summer,Summer2008,2000,83.33
Paternoster,2008,10,21,Summer,Summer2008,2000,125.00
Paternoster,2008,10,25,Summer,Summer2008,500,125.00
Paternoster,2008,11,1,Summer,Summer2008,1775,443.75
Paternoster,2008,11,3,Summer,Summer2008,2000,200.00
Paternoster,2008,11,5,Summer,Summer2008,2000,250.00
Paternoster,2008,11,6,Summer,Summer2008,3000,125.00
Paternoster,2008,11,7,Summer,Summer2008,4000,250.00
Paternoster,2008,11,8,Summer,Summer2008,4000,190.48
Paternoster,2008,11,9,Summer,Summer2008,5000,208.33
Paternoster,2008,11,11,Summer,Summer2008,3000,300.00
Paternoster,2008,11,12,Summer,Summer2008,3500,291.67
Paternoster,2008,11,19,Summer,Summer2008,1400,77.78
Paternoster,2008,11,20,Summer,Summer2008,3000,187.50
Paternoster,2008,11,21,Summer,Summer2008,3000,214.29
Paternoster,2008,11,23,Summer,Summer2008,3000,187.50
Paternoster,2008,11,26,Summer,Summer2008,3000,142.86
Paternoster,2008,12,1,Summer,Summer2008,1000,125.00
Paternoster,2008,12,2,Summer,Summer2008,1000,166.67
Paternoster,2008,12,3,Summer,Summer2008,1000,250.00
Paternoster,2008,12,4,Summer,Summer2008,1000,250.00
Paternoster,2008,12,5,Summer,Summer2008,3000,375.00
Paternoster,2008,12,6,Summer,Summer2008,3000,375.00
Paternoster,2008,12,7,Summer,Summer2008,2000,250.00
Paternoster,2008,12,8,Summer,Summer2008,3500,875.00
Paternoster,2008,12,9,Summer,Summer2008,3000,500.00
Paternoster,2008,12,10,Summer,Summer2008,3000,1000.00
Paternoster,2008,12,11,Summer,Summer2008,3500,437.50
Paternoster,2008,12,13,Summer,Summer2008,3000,375.00
Paternoster,2008,12,15,Summer,Summer2008,2000,333.33
Paternoster,2008,12,23,Summer,Summer2008,1400,350.00
Britannia Bay,2008,1,0,Summer,Summer2008,NaN,NaN
Britannia Bay,2008,2,5,Summer,Summer2008,900,72.00
Britannia Bay,2008,2,6,Summer,Summer2008,2800,133.33
Britannia Bay,2008,2,8,Summer,Summer2008,3600,320.00
Britannia Bay,2008,2,9,Summer,Summer2008,3400,566.67
Britannia Bay,2008,2,10,Summer,Summer2008,3400,755.56
Britannia Bay,2008,2,18,Summer,Summer2008,1680,280.00
Britannia Bay,2008,2,19,Summer,Summer2008,3455,394.86
Britannia Bay,2008,2,20,Summer,Summer2008,3920,784.00
Britannia Bay,2008,2,23,Summer,Summer2008,1600,266.67
Britannia Bay,2008,2,24,Summer,Summer2008,800,266.67
Britannia Bay,2008,11,1,Summer,Summer2008,3510,585.00
Britannia Bay,2008,11,2,Summer,Summer2008,3250,812.50
Britannia Bay,2008,11,9,Summer,Summer2008,1500,3000.00
Britannia Bay,2008,11,10,Summer,Summer2008,2600,1300.00
Britannia Bay,2008,11,11,Summer,Summer2008,2957,739.25
Britannia Bay,2008,11,12,Summer,Summer2008,1250,1250.00
Britannia Bay,2008,9,13,Summer,Summer2008,1100,733.33
Britannia Bay,2008,9,18,Summer,Summer2008,650,1300.00
Britannia Bay,2008,9,21,Summer,Summer2008,2100,350.00
Britannia Bay,2008,9,25,Summer,Summer2008,2000,500.00
Britannia Bay,2008,9,29,Summer,Summer2008,2350,522.22
Britannia Bay,2008,9,30,Summer,Summer2008,1700,425.00
Britannia Bay,2008,10,3,Summer,Summer2008,1050,525.00
Britannia Bay,2008,10,4,Summer,Summer2008,3050,254.17
Britannia Bay,2008,10,5,Summer,Summer2008,2100,700.00
Britannia Bay,2008,10,6,Summer,Summer2008,590,393.33
Britannia Bay,2008,10,10,Summer,Summer2008,1680,140.00
Britannia Bay,2008,10,11,Summer,Summer2008,1000,200.00
Britannia Bay,2008,10,12,Summer,Summer2008,650,433.33
Britannia Bay,2008,10,13,Summer,Summer2008,2150,268.75
Britannia Bay,2008,10,14,Summer,Summer2008,2350,293.75
Britannia Bay,2008,10,15,Summer,Summer2008,2700,225.00
Britannia Bay,2008,10,16,Summer,Summer2008,1100,1100.00
Britannia Bay,2008,10,26,Summer,Summer2008,500,1000.00
Britannia Bay,2008,10,27,Summer,Summer2008,700,350.00
Britannia Bay,2008,10,28,Summer,Summer2008,1285,428.33
Britannia Bay,2008,10,30,Summer,Summer2008,2400,400.00
Britannia Bay,2008,10,31,Summer,Summer2008,685,456.67
Paternoster,2008,3,1,Winter,Winter2008,4000,500.00
Paternoster,2008,3,2,Winter,Winter2008,3500,583.33
Paternoster,2008,3,12,Winter,Winter2008,4000,500.00
Paternoster,2008,3,14,Winter,Winter2008,4000,400.00
Paternoster,2008,3,18,Winter,Winter2008,4000,500.00
Paternoster,2008,3,20,Winter,Winter2008,4000,666.67
Paternoster,2008,3,22,Winter,Winter2008,4000,1000.00
Paternoster,2008,3,24,Winter,Winter2008,500,250.00
Paternoster,2008,4,1,Winter,Winter2008,2000,500.00
Paternoster,2008,4,2,Winter,Winter2008,500,250.00
Paternoster,2008,4,3,Winter,Winter2008,4000,500.00
Paternoster,2008,4,4,Winter,Winter2008,4000,400.00
Paternoster,2008,4,5,Winter,Winter2008,2000,250.00
Paternoster,2008,4,6,Winter,Winter2008,4000,400.00
Paternoster,2008,4,7,Winter,Winter2008,4000,333.33
Paternoster,2008,4,8,Winter,Winter2008,4000,400.00
Paternoster,2008,4,9,Winter,Winter2008,500,125.00
Paternoster,2008,4,20,Winter,Winter2008,3000,375.00
Paternoster,2008,4,21,Winter,Winter2008,3000,300.00
Paternoster,2008,5,0,Winter,Winter2008,NaN,NaN
Paternoster,2008,6,1,Winter,Winter2008,5000,625.00
Paternoster,2008,6,2,Winter,Winter2008,7000,1166.67
Paternoster,2008,6,4,Winter,Winter2008,5000,416.67
Paternoster,2008,6,9,Winter,Winter2008,5500,458.33
Paternoster,2008,6,11,Winter,Winter2008,6000,600.00
Paternoster,2008,7,1,Winter,Winter2008,5000,625.00
Paternoster,2008,7,3,Winter,Winter2008,5000,500.00
Paternoster,2008,7,7,Winter,Winter2008,5000,625.00
Paternoster,2008,7,10,Winter,Winter2008,5000,1000.00
Paternoster,2008,7,14,Winter,Winter2008,5000,625.00
Paternoster,2008,7,16,Winter,Winter2008,5000,416.67
Paternoster,2008,7,22,Winter,Winter2008,3000,375.00
Paternoster,2008,8,2,Winter,Winter2008,5000,625.00
Paternoster,2008,8,7,Winter,Winter2008,5000,312.50
Paternoster,2008,8,10,Winter,Winter2008,4600,460.00
Paternoster,2008,8,12,Winter,Winter2008,4000,500.00
Paternoster,2008,8,14,Winter,Winter2008,4000,1000.00
Paternoster,2008,8,15,Winter,Winter2008,4000,500.00
Paternoster,2008,8,16,Winter,Winter2008,4000,666.67
Paternoster,2008,8,17,Winter,Winter2008,2000,500.00
Paternoster,2008,8,19,Winter,Winter2008,6000,600.00
Paternoster,2008,8,21,Winter,Winter2008,3000,375.00
Paternoster,2008,8,23,Winter,Winter2008,4000,500.00
Paternoster,2008,8,25,Winter,Winter2008,5000,625.00
Paternoster,2008,8,26,Winter,Winter2008,5000,1000.00
Paternoster,2008,8,28,Winter,Winter2008,5000,833.33
Paternoster,2008,8,29,Winter,Winter2008,2000,250.00
Britannia Bay,2008,3,9,Winter,Winter2008,3050,508.33
Britannia Bay,2008,3,11,Winter,Winter2008,1870,249.33
Britannia Bay,2008,3,20,Winter,Winter2008,1900,253.33
Britannia Bay,2008,3,21,Winter,Winter2008,2325,193.75
Britannia Bay,2008,3,22,Winter,Winter2008,2000,250.00
Britannia Bay,2008,3,23,Winter,Winter2008,500,250.00
Britannia Bay,2008,3,24,Winter,Winter2008,2500,416.67
Britannia Bay,2008,3,27,Winter,Winter2008,800,400.00
Britannia Bay,2008,4,5,Winter,Winter2008,1310,187.14
Britannia Bay,2008,4,7,Winter,Winter2008,1100,183.33
Britannia Bay,2008,4,8,Winter,Winter2008,3200,533.33
Britannia Bay,2008,4,9,Winter,Winter2008,2240,560.00
Britannia Bay,2008,4,10,Winter,Winter2008,2100,525.00
Britannia Bay,2008,4,17,Winter,Winter2008,1300,577.78
Britannia Bay,2008,4,18,Winter,Winter2008,1600,533.33
Britannia Bay,2008,4,19,Winter,Winter2008,2500,416.67
Britannia Bay,2008,4,20,Winter,Winter2008,3000,500.00
Britannia Bay,2008,4,21,Winter,Winter2008,3500,583.33
Britannia Bay,2008,4,22,Winter,Winter2008,3150,525.00
Britannia Bay,2008,4,23,Winter,Winter2008,2600,325.00
Britannia Bay,2008,4,25,Winter,Winter2008,800,800.00
Britannia Bay,2008,6,2,Winter,Winter2008,900,200.00
Britannia Bay,2008,6,4,Winter,Winter2008,2250,500.00
Britannia Bay,2008,6,5,Winter,Winter2008,3500,388.89
Britannia Bay,2008,6,22,Winter,Winter2008,3500,875.00
Britannia Bay,2008,6,23,Winter,Winter2008,1450,483.33
Britannia Bay,2008,7,1,Winter,Winter2008,725,161.11
Britannia Bay,2008,7,18,Winter,Winter2008,1100,146.67
Britannia Bay,2008,7,20,Winter,Winter2008,1800,400.00
Britannia Bay,2008,7,21,Winter,Winter2008,735,367.50
Britannia Bay,2008,7,22,Winter,Winter2008,1550,344.44
Britannia Bay,2008,7,23,Winter,Winter2008,1180,295.00
Britannia Bay,2008,8,2,Winter,Winter2008,500,1000.00
Britannia Bay,2008,8,3,Winter,Winter2008,2650,588.89
Britannia Bay,2008,8,4,Winter,Winter2008,2850,356.25
Britannia Bay,2008,8,6,Winter,Winter2008,850,850.00
Britannia Bay,2008,8,7,Winter,Winter2008,1050,525.00
Britannia Bay,2008,8,16,Winter,Winter2008,1950,260.00
Britannia Bay,2008,8,17,Winter,Winter2008,2050,512.50
Britannia Bay,2008,8,18,Winter,Winter2008,3150,315.00
Britannia Bay,2008,8,19,Winter,Winter2008,1000,666.67
Britannia Bay,2008,8,20,Winter,Winter2008,1550,387.50
Britannia Bay,2008,8,27,Winter,Winter2008,2000,500.00
Britannia Bay,2008,8,28,Winter,Winter2008,2350,783.33
Paternoster,2009,1,17,Summer,Summer2009,4000,500.00
Paternoster,2009,1,18,Summer,Summer2009,4000,400.00
Paternoster,2009,1,19,Summer,Summer2009,4000,500.00
Paternoster,2009,1,20,Summer,Summer2009,3000,500.00
Paternoster,2009,1,21,Summer,Summer2009,3000,375.00
Paternoster,2009,1,22,Summer,Summer2009,3500,350.00
Paternoster,2009,1,25,Summer,Summer2009,3500,437.50
Paternoster,2009,2,1,Summer,Summer2009,10000,1000.00
Paternoster,2009,2,2,Summer,Summer2009,5000,277.78
Paternoster,2009,2,3,Summer,Summer2009,6000,285.71
Paternoster,2009,2,4,Summer,Summer2009,6000,857.14
Paternoster,2009,2,5,Summer,Summer2009,6000,428.57
Paternoster,2009,2,6,Summer,Summer2009,4000,666.67
Paternoster,2009,2,7,Summer,Summer2009,4000,500.00
Paternoster,2009,2,8,Summer,Summer2009,6000,400.00
Paternoster,2009,2,10,Summer,Summer2009,6000,250.00
Paternoster,2009,2,14,Summer,Summer2009,6000,375.00
Paternoster,2009,2,17,Summer,Summer2009,6000,375.00
Paternoster,2009,2,21,Summer,Summer2009,4000,190.48
Paternoster,2009,2,22,Summer,Summer2009,5000,208.33
Paternoster,2009,2,27,Summer,Summer2009,5000,208.33
Paternoster,2009,2,28,Summer,Summer2009,5000,238.10
Paternoster,2009,9,17,Summer,Summer2009,500,50.00
Paternoster,2009,9,18,Summer,Summer2009,2000,166.67
Paternoster,2009,9,19,Summer,Summer2009,4500,281.25
Paternoster,2009,9,20,Summer,Summer2009,5000,277.78
Paternoster,2009,9,21,Summer,Summer2009,2250,250.00
Paternoster,2009,10,18,Summer,Summer2009,2000,333.33
Paternoster,2009,11,1,Summer,Summer2009,4000,200.00
Paternoster,2009,11,2,Summer,Summer2009,3500,145.83
Paternoster,2009,11,8,Summer,Summer2009,4000,222.22
Paternoster,2009,11,12,Summer,Summer2009,3000,142.86
Paternoster,2009,11,18,Summer,Summer2009,5000,208.33
Paternoster,2009,11,23,Summer,Summer2009,2500,104.17
Paternoster,2009,12,1,Summer,Summer2009,5000,250.00
Paternoster,2009,12,2,Summer,Summer2009,4000,222.22
Paternoster,2009,12,3,Summer,Summer2009,4500,300.00
Paternoster,2009,12,4,Summer,Summer2009,4000,222.22
Paternoster,2009,12,5,Summer,Summer2009,4000,190.48
Paternoster,2009,12,8,Summer,Summer2009,1500,250.00
Paternoster,2009,12,9,Summer,Summer2009,1000,166.67
Paternoster,2009,12,10,Summer,Summer2009,4000,222.22
Paternoster,2009,12,11,Summer,Summer2009,3000,142.86
Paternoster,2009,12,14,Summer,Summer2009,1300,108.33
Paternoster,2009,12,19,Summer,Summer2009,2500,166.67
Britannia Bay,2009,1,0,Summer,Summer2009,NaN,NaN
Britannia Bay,2009,2,0,Summer,Summer2009,NaN,NaN
Britannia Bay,2009,9,4,Summer,Summer2009,1900,475.00
Britannia Bay,2009,9,5,Summer,Summer2009,2500,500.00
Britannia Bay,2009,9,6,Summer,Summer2009,1300,260.00
Britannia Bay,2009,9,8,Summer,Summer2009,1480,370.00
Britannia Bay,2009,9,9,Summer,Summer2009,980,245.00
Britannia Bay,2009,9,10,Summer,Summer2009,1650,412.50
Britannia Bay,2009,9,16,Summer,Summer2009,990,198.00
Britannia Bay,2009,9,17,Summer,Summer2009,2250,450.00
Britannia Bay,2009,9,18,Summer,Summer2009,6300,1050.00
Britannia Bay,2009,9,19,Summer,Summer2009,5260,350.67
Britannia Bay,2009,9,21,Summer,Summer2009,3200,266.67
Britannia Bay,2009,9,22,Summer,Summer2009,1550,258.33
Paternoster,2009,3,1,Winter,Winter2009,5000,333.33
Paternoster,2009,3,2,Winter,Winter2009,5000,416.67
Paternoster,2009,3,3,Winter,Winter2009,5000,277.78
Paternoster,2009,3,4,Winter,Winter2009,4000,333.33
Paternoster,2009,3,5,Winter,Winter2009,5000,333.33
Paternoster,2009,3,6,Winter,Winter2009,5000,277.78
Paternoster,2009,3,7,Winter,Winter2009,6000,285.71
Paternoster,2009,3,11,Winter,Winter2009,4000,666.67
Paternoster,2009,3,12,Winter,Winter2009,5000,250.00
Paternoster,2009,3,13,Winter,Winter2009,5000,208.33
Paternoster,2009,3,14,Winter,Winter2009,6000,333.33
Paternoster,2009,3,15,Winter,Winter2009,6000,285.71
Paternoster,2009,3,21,Winter,Winter2009,6000,250.00
Paternoster,2009,4,1,Winter,Winter2009,5500,916.67
Paternoster,2009,4,2,Winter,Winter2009,8000,1000.00
Paternoster,2009,4,3,Winter,Winter2009,1000,250.00
Paternoster,2009,4,4,Winter,Winter2009,1300,325.00
Paternoster,2009,4,15,Winter,Winter2009,4000,400.00
Paternoster,2009,4,19,Winter,Winter2009,4000,400.00
Paternoster,2009,5,1,Winter,Winter2009,4500,562.50
Paternoster,2009,5,5,Winter,Winter2009,3900,390.00
Paternoster,2009,5,10,Winter,Winter2009,8000,800.00
Paternoster,2009,5,18,Winter,Winter2009,4000,333.33
Paternoster,2009,6,1,Winter,Winter2009,8000,800.00
Paternoster,2009,6,3,Winter,Winter2009,3000,375.00
Paternoster,2009,6,7,Winter,Winter2009,2000,200.00
Paternoster,2009,6,19,Winter,Winter2009,5000,238.10
Paternoster,2009,7,1,Winter,Winter2009,6000,750.00
Paternoster,2009,7,9,Winter,Winter2009,2850,712.50
Paternoster,2009,7,24,Winter,Winter2009,5000,250.00
Paternoster,2009,7,28,Winter,Winter2009,10000,416.67
Paternoster,2009,8,1,Winter,Winter2009,1500,100.00
Paternoster,2009,8,24,Winter,Winter2009,978,163.00
Britannia Bay,2009,3,8,Winter,Winter2009,1950,650.00
Britannia Bay,2009,3,9,Winter,Winter2009,1275,72.86
Britannia Bay,2009,3,10,Winter,Winter2009,3150,393.75
Britannia Bay,2009,3,11,Winter,Winter2009,1380,460.00
Britannia Bay,2009,3,12,Winter,Winter2009,2300,164.29
Britannia Bay,2009,3,13,Winter,Winter2009,3370,337.00
Britannia Bay,2009,4,25,Winter,Winter2009,2190,365.00
Britannia Bay,2009,4,26,Winter,Winter2009,3350,372.22
Britannia Bay,2009,4,27,Winter,Winter2009,6125,510.42
Britannia Bay,2009,5,8,Winter,Winter2009,1700,226.67
Britannia Bay,2009,5,10,Winter,Winter2009,2345,390.83
Britannia Bay,2009,5,12,Winter,Winter2009,1230,307.50
Britannia Bay,2009,5,13,Winter,Winter2009,720,160.00
Britannia Bay,2009,5,14,Winter,Winter2009,1230,307.50
Britannia Bay,2009,5,24,Winter,Winter2009,1700,170.00
Britannia Bay,2009,5,25,Winter,Winter2009,2400,320.00
Britannia Bay,2009,5,26,Winter,Winter2009,4300,204.76
Britannia Bay,2009,5,27,Winter,Winter2009,2000,133.33
Britannia Bay,2009,7,7,Winter,Winter2009,1000,222.22
Britannia Bay,2009,7,8,Winter,Winter2009,2820,433.85
Britannia Bay,2009,7,9,Winter,Winter2009,4410,367.50
Britannia Bay,2009,7,10,Winter,Winter2009,1160,154.67
Britannia Bay,2009,7,11,Winter,Winter2009,4150,415.00
Britannia Bay,2009,7,20,Winter,Winter2009,800,160.00
Britannia Bay,2009,7,21,Winter,Winter2009,4520,361.60
Britannia Bay,2009,7,22,Winter,Winter2009,1543,123.44
Britannia Bay,2009,7,23,Winter,Winter2009,3110,388.75
Britannia Bay,2009,7,24,Winter,Winter2009,2600,144.44
Britannia Bay,2009,7,25,Winter,Winter2009,1000,121.21
Britannia Bay,2009,7,26,Winter,Winter2009,1400,129.23
Britannia Bay,2009,8,7,Winter,Winter2009,3475,579.17
Britannia Bay,2009,8,8,Winter,Winter2009,1400,350.00
Britannia Bay,2009,8,20,Winter,Winter2009,5750,348.48
Britannia Bay,2009,8,21,Winter,Winter2009,4860,294.55
Britannia Bay,2009,8,22,Winter,Winter2009,2500,500.00
Britannia Bay,2009,8,23,Winter,Winter2009,3200,166.23
Britannia Bay,2009,8,24,Winter,Winter2009,3920,280.00
Britannia Bay,2009,8,25,Winter,Winter2009,400,400.00
Paternoster,2010,1,0,Summer,Summer2010,NaN,NaN
Paternoster,2010,2,1,Summer,Summer2010,2900,193.33
Paternoster,2010,2,2,Summer,Summer2010,2500,208.33
Paternoster,2010,2,3,Summer,Summer2010,2000,133.33
Paternoster,2010,2,4,Summer,Summer2010,2000,166.67
Paternoster,2010,2,15,Summer,Summer2010,1500,71.43
Paternoster,2010,9,1,Summer,Summer2010,500,62.50
Paternoster,2010,9,3,Summer,Summer2010,2200,366.67
Paternoster,2010,9,7,Summer,Summer2010,10000,666.67
Paternoster,2010,9,11,Summer,Summer2010,10000,476.19
Paternoster,2010,9,14,Summer,Summer2010,10000,416.67
Paternoster,2010,10,1,Summer,Summer2010,4500,450.00
Paternoster,2010,10,4,Summer,Summer2010,5000,416.67
Paternoster,2010,10,7,Summer,Summer2010,500,62.50
Paternoster,2010,10,12,Summer,Summer2010,10000,625.00
Paternoster,2010,11,1,Summer,Summer2010,3500,350.00
Paternoster,2010,11,4,Summer,Summer2010,7000,875.00
Paternoster,2010,11,8,Summer,Summer2010,2000,250.00
Paternoster,2010,11,11,Summer,Summer2010,500,62.50
Paternoster,2010,11,17,Summer,Summer2010,500,50.00
Britannia Bay,2010,1,29,Summer,Summer2010,2000,142.86
Britannia Bay,2010,1,30,Summer,Summer2010,2000,428.57
Britannia Bay,2010,2,12,Summer,Summer2010,200,400.00
Britannia Bay,2010,2,13,Summer,Summer2010,300,300.00
Britannia Bay,2010,9,24,Summer,Summer2010,1200,120.00
Britannia Bay,2010,9,25,Summer,Summer2010,4950,330.00
Britannia Bay,2010,9,26,Summer,Summer2010,3100,1550.00
Britannia Bay,2010,9,27,Summer,Summer2010,2580,322.50
Britannia Bay,2010,9,28,Summer,Summer2010,4720,786.67
Britannia Bay,2010,9,29,Summer,Summer2010,2800,186.67
Paternoster,2010,5,1,Winter,Winter2010,4000,400.00
Paternoster,2010,5,9,Winter,Winter2010,5000,625.00
Paternoster,2010,5,16,Winter,Winter2010,3000,333.33
Paternoster,2010,5,22,Winter,Winter2010,5000,500.00
Paternoster,2010,5,27,Winter,Winter2010,2000,333.33
Paternoster,2010,6,16,Winter,Winter2010,5000,416.67
Paternoster,2010,6,20,Winter,Winter2010,5000,500.00
Paternoster,2010,7,1,Winter,Winter2010,2500,312.50
Paternoster,2010,7,7,Winter,Winter2010,2900,290.00
Paternoster,2010,7,11,Winter,Winter2010,4000,500.00
Paternoster,2010,7,18,Winter,Winter2010,3000,300.00
Paternoster,2010,8,4,Winter,Winter2010,1000,83.33
Paternoster,2010,8,9,Winter,Winter2010,5000,500.00
Paternoster,2010,8,14,Winter,Winter2010,5000,416.67
Paternoster,2010,8,19,Winter,Winter2010,6500,650.00
Paternoster,2010,8,24,Winter,Winter2010,6000,333.33
Paternoster,2010,8,28,Winter,Winter2010,1000,125.00
Paternoster,2010,4,1,Winter,Winter2010,8000,533.33
Paternoster,2010,4,5,Winter,Winter2010,2700,225.00
Paternoster,2010,4,9,Winter,Winter2010,5000,357.14
Paternoster,2010,4,13,Winter,Winter2010,5000,277.78
Paternoster,2010,4,17,Winter,Winter2010,5000,238.10
Paternoster,2010,4,21,Winter,Winter2010,5000,312.50
Paternoster,2010,4,24,Winter,Winter2010,5000,238.10
Paternoster,2010,4,26,Winter,Winter2010,6000,250.00
Paternoster,2010,4,29,Winter,Winter2010,7000,291.67
Britannia Bay,2010,3,17,Winter,Winter2010,700,466.67
Britannia Bay,2010,3,20,Winter,Winter2010,1200,266.67
Britannia Bay,2010,3,21,Winter,Winter2010,1200,400.00
Britannia Bay,2010,3,29,Winter,Winter2010,4500,750.00
Britannia Bay,2010,3,30,Winter,Winter2010,4500,600.00
Britannia Bay,2010,4,11,Winter,Winter2010,180,90.00
Britannia Bay,2010,4,12,Winter,Winter2010,1130,376.67
Britannia Bay,2010,4,14,Winter,Winter2010,3100,516.67
Britannia Bay,2010,4,15,Winter,Winter2010,4825,804.17
Britannia Bay,2010,4,16,Winter,Winter2010,4450,556.25
Britannia Bay,2010,4,26,Winter,Winter2010,2020,404.00
Britannia Bay,2010,4,29,Winter,Winter2010,3320,553.33
Britannia Bay,2010,4,30,Winter,Winter2010,5855,390.33
Britannia Bay,2010,5,0,Winter,Winter2010,NaN,NaN
Britannia Bay,2010,6,1,Winter,Winter2010,850,212.50
Britannia Bay,2010,6,2,Winter,Winter2010,850,188.89
Britannia Bay,2010,6,4,Winter,Winter2010,935,207.78
Britannia Bay,2010,6,11,Winter,Winter2010,915,228.75
Britannia Bay,2010,6,12,Winter,Winter2010,650,144.44
Britannia Bay,2010,7,13,Winter,Winter2010,3380,422.50
Britannia Bay,2010,7,18,Winter,Winter2010,450,75.00
Britannia Bay,2010,7,25,Winter,Winter2010,870,174.00
Britannia Bay,2010,7,28,Winter,Winter2010,800,177.78
Britannia Bay,2010,7,30,Winter,Winter2010,3300,188.57
Britannia Bay,2010,8,11,Winter,Winter2010,1330,221.67
Britannia Bay,2010,8,12,Winter,Winter2010,3200,266.67
Paternoster,2011,1,1,Summer,Summer2011,8000,1000.00
Paternoster,2011,1,2,Summer,Summer2011,4000,400.00
Paternoster,2011,1,3,Summer,Summer2011,7000,333.33
Paternoster,2011,1,4,Summer,Summer2011,10000,416.67
Paternoster,2011,1,5,Summer,Summer2011,8500,708.33
Paternoster,2011,1,11,Summer,Summer2011,3500,145.83
Paternoster,2011,1,12,Summer,Summer2011,7500,357.14
Paternoster,2011,2,1,Summer,Summer2011,5000,208.33
Paternoster,2011,2,2,Summer,Summer2011,10000,370.37
Paternoster,2011,2,6,Summer,Summer2011,7500,234.38
Paternoster,2011,2,9,Summer,Summer2011,3000,111.11
Paternoster,2011,2,13,Summer,Summer2011,6000,375.00
Paternoster,2011,2,17,Summer,Summer2011,10000,416.67
Paternoster,2011,2,21,Summer,Summer2011,5000,238.10
Paternoster,2011,9,1,Summer,Summer2011,5000,625.00
Paternoster,2011,9,10,Summer,Summer2011,5000,277.78
Paternoster,2011,9,20,Summer,Summer2011,5000,238.10
Paternoster,2011,10,1,Summer,Summer2011,6000,600.00
Paternoster,2011,10,5,Summer,Summer2011,5000,357.14
Paternoster,2011,10,11,Summer,Summer2011,4000,250.00
Paternoster,2011,10,19,Summer,Summer2011,9750,541.67
Paternoster,2011,11,3,Summer,Summer2011,8500,708.33
Paternoster,2011,11,10,Summer,Summer2011,7000,333.33
Paternoster,2011,11,16,Summer,Summer2011,10000,625.00
Paternoster,2011,11,20,Summer,Summer2011,6000,400.00
Paternoster,2011,12,5,Summer,Summer2011,1300,216.67
Britannia Bay,2011,2,4,Summer,Summer2011,1830,244.00
Britannia Bay,2011,2,5,Summer,Summer2011,1325,165.63
Britannia Bay,2011,2,7,Summer,Summer2011,2400,171.43
Britannia Bay,2011,1,0,Summer,Summer2011,NaN,NaN
Britannia Bay,2011,11,0,Summer,Summer2011,NaN,NaN
Britannia Bay,2011,12,0,Summer,Summer2011,NaN,NaN
Paternoster,2011,3,1,Winter,Winter2011,6000,375.00
Paternoster,2011,3,6,Winter,Winter2011,4000,285.71
Paternoster,2011,3,12,Winter,Winter2011,7000,437.50
Paternoster,2011,4,1,Winter,Winter2011,10000,416.67
Paternoster,2011,4,4,Winter,Winter2011,10000,416.67
Paternoster,2011,4,11,Winter,Winter2011,10000,312.50
Paternoster,2011,4,15,Winter,Winter2011,5000,185.19
Paternoster,2011,5,1,Winter,Winter2011,10000,416.67
Paternoster,2011,5,5,Winter,Winter2011,5000,277.78
Paternoster,2011,5,11,Winter,Winter2011,12500,462.96
Paternoster,2011,6,0,Winter,Winter2011,NaN,NaN
Paternoster,2011,7,1,Winter,Winter2011,10000,416.67
Paternoster,2011,7,4,Winter,Winter2011,5000,185.19
Paternoster,2011,7,9,Winter,Winter2011,10000,416.67
Paternoster,2011,7,14,Winter,Winter2011,5000,208.33
Paternoster,2011,7,15,Winter,Winter2011,10000,416.67
Paternoster,2011,8,1,Winter,Winter2011,2000,250.00
Paternoster,2011,8,4,Winter,Winter2011,5000,500.00
Paternoster,2011,8,9,Winter,Winter2011,5000,250.00
Britannia Bay,2011,3,0,Winter,Winter2011,NaN,NaN
Britannia Bay,2011,4,5,Winter,Winter2011,4950,471.43
Britannia Bay,2011,6,0,Winter,Winter2011,NaN,NaN
Britannia Bay,2011,7,5,Winter,Winter2011,1300,173.33
Britannia Bay,2011,7,7,Winter,Winter2011,3700,925.00
Britannia Bay,2011,8,0,Winter,Winter2011,NaN,NaN
Paternoster,2012,1,1,Summer,Summer2012,8000,333.33
Paternoster,2012,1,4,Summer,Summer2012,8000,444.44
Paternoster,2012,1,7,Summer,Summer2012,1700,106.25
Paternoster,2012,2,1,Summer,Summer2012,5000,277.78
Paternoster,2012,2,2,Summer,Summer2012,6000,500.00
Paternoster,2012,2,3,Summer,Summer2012,6000,285.71
Paternoster,2012,2,10,Summer,Summer2012,5000,156.25
Paternoster,2012,2,12,Summer,Summer2012,5000,178.57
Paternoster,2012,2,13,Summer,Summer2012,6000,187.50
Paternoster,2012,2,16,Summer,Summer2012,6000,285.71
Paternoster,2012,2,19,Summer,Summer2012,7000,466.67
Paternoster,2012,2,23,Summer,Summer2012,8000,444.44
Paternoster,2012,2,26,Summer,Summer2012,6500,464.29
Britannia Bay,2012,9,0,Summer,Summer2012,NaN,NaN
Britannia Bay,2012,10,0,Summer,Summer2012,NaN,NaN
Britannia Bay,2012,11,0,Summer,Summer2012,NaN,NaN
Paternoster,2012,3,27,Winter,Winter2012,1700,113.33
Paternoster,2012,3,29,Winter,Winter2012,2000,166.67
Paternoster,2012,4,9,Winter,Winter2012,850,47.22
Paternoster,2012,4,10,Winter,Winter2012,1000,47.62
Paternoster,2012,5,0,Winter,Winter2012,0,0.00
Paternoster,2012,6,19,Winter,Winter2012,4000,250.00
Paternoster,2012,6,20,Winter,Winter2012,3000,166.67
Paternoster,2012,7,1,Winter,Winter2012,5597,559.70
Paternoster,2012,7,2,Winter,Winter2012,2730,151.67
Paternoster,2012,8,NaN,Winter,Winter2012,NaN,NaN
Britannia Bay,2012,3,0,Winter,Winter2012,NaN,NaN
Britannia Bay,2012,4,0,Winter,Winter2012,NaN,NaN
Britannia Bay,2012,7,0,Winter,Winter2012,NaN,NaN
Britannia Bay,2012,8,0,Winter,Winter2012,NaN,NaN
Britannia Bay,2013,1,29,Summer,Summer2013,2400,300.00
Britannia Bay,2013,1,30,Summer,Summer2013,6200,590.48
Britannia Bay,2013,1,31,Summer,Summer2013,6200,516.67
Britannia Bay,2013,4,10,Winter,Winter2013,5250,375.00
Britannia Bay,2013,4,11,Winter,Winter2013,7990,399.50
Britannia Bay,2013,4,12,Winter,Winter2013,5450,340.63
Britannia Bay,2013,4,23,Winter,Winter2013,1700,283.33
Britannia Bay,2013,4,24,Winter,Winter2013,4050,202.50
Britannia Bay,2013,4,25,Winter,Winter2013,4900,280.00
Britannia Bay,2013,4,26,Winter,Winter2013,3000,250.00
Paternoster,2014,9,9,Summer,Summer2014,1400,233.33
Paternoster,2014,9,10,Summer,Summer2014,8240,1454.12
Paternoster,2014,9,11,Summer,Summer2014,5670,315.00
Paternoster,2014,9,12,Summer,Summer2014,6350,241.90
Paternoster,2014,11,5,Summer,Summer2014,1277,212.83
Paternoster,2014,11,6,Summer,Summer2014,4305,269.06
Paternoster,2014,11,7,Summer,Summer2014,6700,446.67
Paternoster,2014,11,10,Summer,Summer2014,3605,360.50
Paternoster,2014,11,11,Summer,Summer2014,3600,600.00
Paternoster,2014,11,17,Summer,Summer2014,2455,136.39
Paternoster,2014,11,18,Summer,Summer2014,8260,337.14
Paternoster,2014,11,19,Summer,Summer2014,7260,259.29
Paternoster,2014,11,20,Summer,Summer2014,3355,119.82
Paternoster,2014,11,24,Summer,Summer2014,6500,309.52
Paternoster,2014,11,25,Summer,Summer2014,8930,364.49
Paternoster,2014,11,26,Summer,Summer2014,4750,380.00
Paternoster,2014,11,27,Summer,Summer2014,2680,297.78
Paternoster,2014,12,5,Summer,Summer2014,2850,253.33
Paternoster,2014,12,8,Summer,Summer2014,2010,335.00
Paternoster,2014,12,9,Summer,Summer2014,3290,156.67
Paternoster,2014,12,10,Summer,Summer2014,6625,315.48
Paternoster,2014,12,11,Summer,Summer2014,4550,216.67
Paternoster,2014,12,23,Summer,Summer2014,1430,158.89
Britannia Bay,2014,9,8,Summer,Summer2014,460,57.50
Britannia Bay,2014,9,9,Summer,Summer2014,4850,346.43
Britannia Bay,2014,9,10,Summer,Summer2014,7000,400.00
Britannia Bay,2014,9,11,Summer,Summer2014,3500,500.00
Britannia Bay,2014,9,12,Summer,Summer2014,2850,90.48
Britannia Bay,2014,10,7,Summer,Summer2014,2350,134.29
Britannia Bay,2014,10,8,Summer,Summer2014,3800,253.33
Britannia Bay,2014,10,9,Summer,Summer2014,3700,246.67
Britannia Bay,2014,10,10,Summer,Summer2014,4950,412.50
Britannia Bay,2014,10,23,Summer,Summer2014,1100,73.33
Britannia Bay,2014,10,24,Summer,Summer2014,2250,225.00
Britannia Bay,2014,10,27,Summer,Summer2014,900,180.00
Britannia Bay,2014,10,28,Summer,Summer2014,660,47.14
Paternoster,2014,4,14,Winter,Winter2014,1000,166.67
Paternoster,2014,4,15,Winter,Winter2014,5465,195.18
Paternoster,2014,4,16,Winter,Winter2014,9300,0.00
Paternoster,2014,4,17,Winter,Winter2014,2900,0.00
Paternoster,2014,4,29,Winter,Winter2014,3100,344.44
Paternoster,2014,4,30,Winter,Winter2014,6200,295.24
Paternoster,2014,5,2,Winter,Winter2014,3107,582.56
Paternoster,2014,5,13,Winter,Winter2014,2529,120.43
Paternoster,2014,5,14,Winter,Winter2014,4085,304.47
Paternoster,2014,6,26,Winter,Winter2014,280,50.91
Paternoster,2014,6,27,Winter,Winter2014,1494,186.75
Paternoster,2014,6,30,Winter,Winter2014,60,15.00
Paternoster,2014,7,16,Winter,Winter2014,1455,485.00
Paternoster,2014,7,28,Winter,Winter2014,1825,152.08
Paternoster,2014,7,29,Winter,Winter2014,3267,186.69
Paternoster,2014,7,30,Winter,Winter2014,3190,212.67
Paternoster,2014,7,31,Winter,Winter2014,2505,143.14
Britannia Bay,2014,3,19,Winter,Winter2014,870,174.00
Britannia Bay,2014,3,27,Winter,Winter2014,1900,190.00
Britannia Bay,2014,3,28,Winter,Winter2014,3700,NaN
Britannia Bay,2014,3,30,Winter,Winter2014,3750,312.50
Britannia Bay,2014,4,3,Winter,Winter2014,5860,325.56
Britannia Bay,2014,4,4,Winter,Winter2014,3780,420.00
Britannia Bay,2014,4,14,Winter,Winter2014,6820,487.14
Britannia Bay,2014,4,15,Winter,Winter2014,8600,491.43
Britannia Bay,2014,4,16,Winter,Winter2014,9700,461.90
Britannia Bay,2014,4,29,Winter,Winter2014,7000,333.33
Britannia Bay,2014,4,30,Winter,Winter2014,7000,285.71
Britannia Bay,2014,5,2,Winter,Winter2014,5950,283.33
Britannia Bay,2014,5,13,Winter,Winter2014,4700,268.57
Britannia Bay,2014,5,14,Winter,Winter2014,9250,330.36
Britannia Bay,2014,5,15,Winter,Winter2014,4950,282.86
Britannia Bay,2014,6,11,Winter,Winter2014,8600,1433.33
Britannia Bay,2014,6,12,Winter,Winter2014,3350,319.05
Britannia Bay,2014,6,13,Winter,Winter2014,1050,75.00
Britannia Bay,2014,6,14,Winter,Winter2014,600,60.00
Britannia Bay,2014,7,1,Winter,Winter2014,2960,140.95
Britannia Bay,2014,7,2,Winter,Winter2014,2350,195.83
Britannia Bay,2014,7,9,Winter,Winter2014,750,93.75
Britannia Bay,2014,7,10,Winter,Winter2014,1290,53.75
Britannia Bay,2014,7,11,Winter,Winter2014,1750,291.67
Britannia Bay,2014,7,14,Winter,Winter2014,3250,116.07
Britannia Bay,2014,7,16,Winter,Winter2014,2600,288.89
Britannia Bay,2014,8,0,Winter,Winter2014,NaN,NaN
Paternoster,2015,1,5,Summer,Summer2015,925,308.33
Paternoster,2015,1,6,Summer,Summer2015,3000,264.71
Paternoster,2015,1,7,Summer,Summer2015,5252,155.23
Paternoster,2015,1,9,Summer,Summer2015,2215,276.88
Paternoster,2015,1,20,Summer,Summer2015,380,47.50
Paternoster,2015,1,26,Summer,Summer2015,3360,224.00
Paternoster,2015,1,22,Summer,Summer2015,1590,90.86
Paternoster,2015,1,23,Summer,Summer2015,8100,289.29
Paternoster,2015,1,26,Summer,Summer2015,2050,410.00
Paternoster,2015,2,2,Summer,Summer2015,1055,75.36
Paternoster,2015,2,3,Summer,Summer2015,9735,347.68
Paternoster,2015,2,4,Summer,Summer2015,3430,108.89
Paternoster,2015,2,5,Summer,Summer2015,7315,232.22
Paternoster,2015,2,16,Summer,Summer2015,3685,368.50
Paternoster,2015,2,17,Summer,Summer2015,7480,178.10
Paternoster,2015,2,18,Summer,Summer2015,8820,420.00
Paternoster,2015,2,19,Summer,Summer2015,3905,195.25
Paternoster,2015,2,20,Summer,Summer2015,5350,267.50
Paternoster,2015,9,1,Summer,Summer2015,2000,333.33
Paternoster,2015,9,2,Summer,Summer2015,6512,620.19
Paternoster,2015,9,4,Summer,Summer2015,2000,333.33
Paternoster,2015,9,14,Summer,Summer2015,900,150.00
Paternoster,2015,9,15,Summer,Summer2015,2190,243.33
Paternoster,2015,9,16,Summer,Summer2015,6000,444.44
Paternoster,2015,9,17,Summer,Summer2015,3557,474.27
Paternoster,2015,9,18,Summer,Summer2015,7630,726.67
Paternoster,2015,9,28,Summer,Summer2015,8500,629.63
Paternoster,2015,9,29,Summer,Summer2015,8200,546.67
Paternoster,2015,10,1,Summer,Summer2015,5205,315.45
Paternoster,2015,10,2,Summer,Summer2015,4400,733.33
Paternoster,2015,10,12,Summer,Summer2015,8065,537.67
Paternoster,2015,10,13,Summer,Summer2015,5877,489.75
Paternoster,2015,10,14,Summer,Summer2015,9538,706.52
Paternoster,2015,10,15,Summer,Summer2015,7621,635.08
Paternoster,2015,10,16,Summer,Summer2015,6700,273.47
Paternoster,2015,10,26,Summer,Summer2015,5193,247.29
Paternoster,2015,10,27,Summer,Summer2015,18505,587.46
Paternoster,2015,10,28,Summer,Summer2015,15055,477.94
Paternoster,2015,10,29,Summer,Summer2015,6736,384.91
Paternoster,2015,11,9,Summer,Summer2015,4477,186.54
Paternoster,2015,11,10,Summer,Summer2015,9430,261.94
Paternoster,2015,11,11,Summer,Summer2015,6800,212.50
Paternoster,2015,11,12,Summer,Summer2015,10700,297.22
Paternoster,2015,11,13,Summer,Summer2015,7500,185.19
Paternoster,2015,11,16,Summer,Summer2015,1490,372.50
Paternoster,2015,11,17,Summer,Summer2015,1783,148.58
Paternoster,2015,11,18,Summer,Summer2015,2270,216.19
Paternoster,2015,11,23,Summer,Summer2015,1783,55.72
Paternoster,2015,11,24,Summer,Summer2015,7500,151.52
Paternoster,2015,11,25,Summer,Summer2015,4995,138.75
Paternoster,2015,11,26,Summer,Summer2015,8570,253.93
Paternoster,2015,11,27,Summer,Summer2015,5083,188.26
Paternoster,2015,11,30,Summer,Summer2015,780,65.00
Paternoster,2015,12,7,Summer,Summer2015,1090,68.13
Paternoster,2015,12,8,Summer,Summer2015,990,55.00
Paternoster,2015,12,9,Summer,Summer2015,3910,651.67
Paternoster,2015,12,10,Summer,Summer2015,8959,186.65
Paternoster,2015,12,11,Summer,Summer2015,8459,234.97
Paternoster,2015,12,15,Summer,Summer2015,8420,350.83
Paternoster,2015,3,17,Winter,Winter2015,3305,118.04
Paternoster,2015,3,18,Winter,Winter2015,6610,440.67
Paternoster,2015,3,19,Winter,Winter2015,12360,686.67
Paternoster,2015,3,23,Winter,Winter2015,4500,514.29
Paternoster,2015,3,31,Winter,Winter2015,63100,4206.67
Paternoster,2015,4,1,Winter,Winter2015,7950,441.67
Paternoster,2015,4,2,Winter,Winter2015,3950,219.44
Paternoster,2015,4,7,Winter,Winter2015,7307,442.85
Paternoster,2015,4,8,Winter,Winter2015,6044,447.70
Paternoster,2015,4,14,Winter,Winter2015,1270,254.00
Paternoster,2015,4,16,Winter,Winter2015,9110,674.81
Paternoster,2015,4,17,Winter,Winter2015,14060,781.11
Paternoster,2015,4,20,Winter,Winter2015,9640,494.36
Paternoster,2015,4,21,Winter,Winter2015,9685,645.67
Paternoster,2015,5,5,Winter,Winter2015,2210,491.11
Paternoster,2015,5,6,Winter,Winter2015,3500,388.89
Paternoster,2015,6,19,Winter,Winter2015,3180,706.67
Paternoster,2015,6,30,Winter,Winter2015,3000,666.67
Paternoster,2015,7,2,Winter,Winter2015,6000,375.00
Paternoster,2015,7,3,Winter,Winter2015,8500,531.25
Paternoster,2015,8,14,Winter,Winter2015,1420,473.33
Paternoster,2015,8,17,Winter,Winter2015,3700,740.00
Paternoster,2015,8,18,Winter,Winter2015,5650,753.33
Paternoster,2015,8,19,Winter,Winter2015,7000,777.78
Britannia Bay,2015,4,1,Winter,Winter2015,4150,518.75
Britannia Bay,2015,4,8,Winter,Winter2015,4500,562.50
Britannia Bay,2015,4,9,Winter,Winter2015,4350,580.00
Britannia Bay,2015,4,10,Winter,Winter2015,1100,244.44
Britannia Bay,2015,4,16,Winter,Winter2015,5400,1800.00
Britannia Bay,2015,4,17,Winter,Winter2015,2000,250.00
Britannia Bay,2015,4,20,Winter,Winter2015,3000,375.00
Britannia Bay,2015,5,4,Winter,Winter2015,4550,455.00
Britannia Bay,2015,5,5,Winter,Winter2015,5700,570.00
Britannia Bay,2015,5,6,Winter,Winter2015,7700,427.78
Britannia Bay,2015,5,7,Winter,Winter2015,2800,233.33
Britannia Bay,2015,5,8,Winter,Winter2015,1500,93.75
Britannia Bay,2015,5,11,Winter,Winter2015,1150,153.33
Britannia Bay,2015,5,18,Winter,Winter2015,2850,356.25
Britannia Bay,2015,5,19,Winter,Winter2015,3700,370.00
Britannia Bay,2015,5,20,Winter,Winter2015,3450,287.50
Britannia Bay,2015,5,21,Winter,Winter2015,3700,462.50
Britannia Bay,2015,6,2,Winter,Winter2015,2400,300.00
Britannia Bay,2015,6,4,Winter,Winter2015,4000,333.33
Britannia Bay,2015,6,5,Winter,Winter2015,5050,420.83
Britannia Bay,2015,6,15,Winter,Winter2015,2200,275.00
Britannia Bay,2015,6,16,Winter,Winter2015,5250,1050.00
Britannia Bay,2015,6,17,Winter,Winter2015,8300,461.11
Britannia Bay,2015,6,18,Winter,Winter2015,7950,441.67
Britannia Bay,2015,6,19,Winter,Winter2015,7100,507.14
Britannia Bay,2015,6,22,Winter,Winter2015,2000,250.00
Britannia Bay,2015,6,23,Winter,Winter2015,780,130.00
Britannia Bay,2015,6,30,Winter,Winter2015,1450,362.50
Britannia Bay,2015,7,1,Winter,Winter2015,10550,753.57
Britannia Bay,2015,7,2,Winter,Winter2015,9550,682.14
Britannia Bay,2015,7,14,Winter,Winter2015,6100,813.33
Britannia Bay,2015,7,15,Winter,Winter2015,2600,260.00
Britannia Bay,2015,7,16,Winter,Winter2015,3100,413.33
Britannia Bay,2015,7,20,Winter,Winter2015,1400,140.00
Britannia Bay,2015,7,21,Winter,Winter2015,1250,166.67
Britannia Bay,2015,7,22,Winter,Winter2015,1750,166.67
Britannia Bay,2015,7,29,Winter,Winter2015,2000,142.86
Britannia Bay,2015,7,31,Winter,Winter2015,3700,264.29
Paternoster,2016,1,11,Summer,Summer2016,4980,221.33
Paternoster,2016,1,12,Summer,Summer2016,6825,284.38
Paternoster,2016,1,13,Summer,Summer2016,5495,305.28
Paternoster,2016,1,14,Summer,Summer2016,3410,252.59
Paternoster,2016,1,18,Summer,Summer2016,3272,218.13
Paternoster,2016,1,19,Summer,Summer2016,3825,191.25
Paternoster,2016,1,20,Summer,Summer2016,1095,54.75
Paternoster,2016,1,21,Summer,Summer2016,2325,129.17
Paternoster,2016,1,22,Summer,Summer2016,1800,180.00
Paternoster,2016,1,25,Summer,Summer2016,3000,500.00
Paternoster,2016,1,26,Summer,Summer2016,7185,266.11
Paternoster,2016,1,27,Summer,Summer2016,7175,256.25
Paternoster,2016,2,22,Summer,Summer2016,723,120.50
Paternoster,2016,2,23,Summer,Summer2016,1295,323.75
Paternoster,2016,2,24,Summer,Summer2016,935,93.50
Paternoster,2016,9,1,Summer,Summer2016,500,71.43
Paternoster,2016,9,2,Summer,Summer2016,700,233.33
Paternoster,2016,9,5,Summer,Summer2016,5000,312.50
Paternoster,2016,9,6,Summer,Summer2016,5400,270.00
Paternoster,2016,9,7,Summer,Summer2016,2855,228.40
Paternoster,2016,9,13,Summer,Summer2016,2840,94.67
Paternoster,2016,9,14,Summer,Summer2016,6876,191.00
Paternoster,2016,9,15,Summer,Summer2016,4290,158.89
Paternoster,2016,9,19,Summer,Summer2016,16150,448.61
Paternoster,2016,9,20,Summer,Summer2016,6970,258.15
Paternoster,2016,9,21,Summer,Summer2016,1450,241.67
Paternoster,2016,10,3,Summer,Summer2016,5660,235.83
Paternoster,2016,10,4,Summer,Summer2016,1728,192.00
Paternoster,2016,10,10,Summer,Summer2016,520,173.33
Paternoster,2016,10,13,Summer,Summer2016,630,157.50
Paternoster,2016,10,14,Summer,Summer2016,5000,277.78
Paternoster,2016,10,17,Summer,Summer2016,11540,480.83
Paternoster,2016,10,18,Summer,Summer2016,16940,705.83
Paternoster,2016,10,19,Summer,Summer2016,6010,222.59
Paternoster,2016,10,20,Summer,Summer2016,605,100.83
Paternoster,2016,10,28,Summer,Summer2016,2500,208.33
Paternoster,2016,10,31,Summer,Summer2016,9165,509.17
Paternoster,2016,11,1,Summer,Summer2016,5275,293.06
Paternoster,2016,11,2,Summer,Summer2016,1825,101.39
Paternoster,2016,11,3,Summer,Summer2016,2335,194.58
Paternoster,2016,11,14,Summer,Summer2016,10500,583.33
Paternoster,2016,11,15,Summer,Summer2016,17485,485.69
Paternoster,2016,11,16,Summer,Summer2016,15670,474.85
Paternoster,2016,11,17,Summer,Summer2016,11285,376.17
Paternoster,2016,11,18,Summer,Summer2016,7950,331.25
Paternoster,2016,11,28,Summer,Summer2016,1000,55.56
Paternoster,2016,11,29,Summer,Summer2016,1055,87.92
Paternoster,2016,11,30,Summer,Summer2016,2640,220.00
Paternoster,2016,12,1,Summer,Summer2016,2770,153.89
Paternoster,2016,12,2,Summer,Summer2016,2400,266.67
Paternoster,2016,12,12,Summer,Summer2016,6680,371.11
Paternoster,2016,12,13,Summer,Summer2016,17540,974.44
Paternoster,2016,12,14,Summer,Summer2016,17060,631.85
Paternoster,2016,12,15,Summer,Summer2016,7150,297.92
Paternoster,2016,12,28,Summer,Summer2016,2620,124.76
Paternoster,2016,12,29,Summer,Summer2016,5100,212.50
Paternoster,2016,12,30,Summer,Summer2016,5000,277.78
Paternoster,2016,3,9,Winter,Winter2016,5335,355.67
Paternoster,2016,3,10,Winter,Winter2016,5030,251.50
Paternoster,2016,3,11,Winter,Winter2016,5728,318.22
Paternoster,2016,3,14,Winter,Winter2016,910,202.22
Paternoster,2016,3,15,Winter,Winter2016,400,200.00
Paternoster,2016,3,22,Winter,Winter2016,5008,417.33
Paternoster,2016,3,23,Winter,Winter2016,7155,397.50
Paternoster,2016,3,24,Winter,Winter2016,10378,494.19
Paternoster,2016,4,5,Winter,Winter2016,4829,482.90
Paternoster,2016,4,6,Winter,Winter2016,8225,548.33
Paternoster,2016,4,7,Winter,Winter2016,9125,456.25
Paternoster,2016,4,8,Winter,Winter2016,8480,424.00
Paternoster,2016,4,12,Winter,Winter2016,1815,363.00
Paternoster,2016,4,13,Winter,Winter2016,369,73.80
Paternoster,2016,4,18,Winter,Winter2016,1000,100.00
Paternoster,2016,4,19,Winter,Winter2016,3200,320.00
Paternoster,2016,4,20,Winter,Winter2016,7125,285.00
Paternoster,2016,4,25,Winter,Winter2016,335,33.50
Paternoster,2016,5,5,Winter,Winter2016,980,65.33
Paternoster,2016,5,6,Winter,Winter2016,4154,153.85
Paternoster,2016,5,9,Winter,Winter2016,710,118.33
Paternoster,2016,5,10,Winter,Winter2016,598,47.84
Paternoster,2016,5,24,Winter,Winter2016,585,58.50
Paternoster,2016,5,25,Winter,Winter2016,1727,95.94
Paternoster,2016,5,26,Winter,Winter2016,2490,207.50
Paternoster,2016,6,3,Winter,Winter2016,1030,85.83
Paternoster,2016,6,6,Winter,Winter2016,10645,394.26
Paternoster,2016,6,7,Winter,Winter2016,7185,342.14
Paternoster,2016,6,8,Winter,Winter2016,1050,87.50
Paternoster,2016,6,22,Winter,Winter2016,1025,128.13
Paternoster,2016,6,23,Winter,Winter2016,3837,255.80
Paternoster,2016,6,24,Winter,Winter2016,1165,145.63
Paternoster,2016,7,7,Winter,Winter2016,2005,200.50
Paternoster,2016,7,18,Winter,Winter2016,439,54.88
Paternoster,2016,7,21,Winter,Winter2016,3624,241.60
Paternoster,2016,7,25,Winter,Winter2016,8213,342.21
Paternoster,2016,7,26,Winter,Winter2016,1500,375.00
Paternoster,2016,8,2,Winter,Winter2016,900,150.00
Paternoster,2016,8,4,Winter,Winter2016,5500,261.90
Paternoster,2016,8,5,Winter,Winter2016,12270,371.82
Paternoster,2016,8,17,Winter,Winter2016,1295,143.89
Paternoster,2016,8,18,Winter,Winter2016,4185,174.38
Paternoster,2016,8,19,Winter,Winter2016,7591,316.29
Paternoster,2016,8,22,Winter,Winter2016,1750,218.75
Paternoster,2016,8,23,Winter,Winter2016,6845,325.95
Paternoster,2016,8,24,Winter,Winter2016,900,225.00
Paternoster,2016,8,29,Winter,Winter2016,1005,125.63
Paternoster,2016,8,30,Winter,Winter2016,5035,419.58
Paternoster,2016,8,31,Winter,Winter2016,2960,197.33
Paternoster,2017,1,12,Summer,Summer2017,3500,291.67
Paternoster,2017,1,13,Summer,Summer2017,3215,214.33
Paternoster,2017,1,16,Summer,Summer2017,5100,170.00
Paternoster,2017,1,17,Summer,Summer2017,5550,370.00
Paternoster,2017,1,18,Summer,Summer2017,595,148.75
Paternoster,2017,1,26,Summer,Summer2017,5630,208.52
Paternoster,2017,1,27,Summer,Summer2017,7400,352.38
Paternoster,2017,1,30,Summer,Summer2017,7910,439.44
Paternoster,2017,1,31,Summer,Summer2017,7500,416.67
Paternoster,2017,2,6,Summer,Summer2017,600,600.00
Paternoster,2017,2,7,Summer,Summer2017,1695,423.75
Paternoster,2017,2,8,Summer,Summer2017,7500,306.12
Paternoster,2017,2,9,Summer,Summer2017,17000,435.90
Paternoster,2017,2,10,Summer,Summer2017,18500,440.48
Paternoster,2017,2,13,Summer,Summer2017,9515,396.46
Paternoster,2017,2,14,Summer,Summer2017,12210,407.00
Paternoster,2017,2,15,Summer,Summer2017,8870,492.78
Paternoster,2017,2,27,Summer,Summer2017,12725,530.21
Paternoster,2017,9,4,Summer,Summer2017,507,67.60
Paternoster,2017,9,5,Summer,Summer2017,2690,215.20
Paternoster,2017,9,8,Summer,Summer2017,3020,251.67
Paternoster,2017,9,12,Summer,Summer2017,660,66.00
Paternoster,2017,9,18,Summer,Summer2017,1490,70.95
Paternoster,2017,9,19,Summer,Summer2017,3970,147.04
Paternoster,2017,9,20,Summer,Summer2017,3195,118.33
Paternoster,2017,9,21,Summer,Summer2017,2428,80.93
Paternoster,2017,9,22,Summer,Summer2017,4145,153.52
Paternoster,2017,10,2,Summer,Summer2017,520,260.00
Paternoster,2017,10,5,Summer,Summer2017,880,83.81
Paternoster,2017,10,6,Summer,Summer2017,3020,111.85
Paternoster,2017,10,9,Summer,Summer2017,1035,46.00
Paternoster,2017,10,10,Summer,Summer2017,3870,143.33
Paternoster,2017,10,11,Summer,Summer2017,3150,210.00
Paternoster,2017,10,13,Summer,Summer2017,670,167.50
Paternoster,2017,10,16,Summer,Summer2017,400,80.00
Paternoster,2017,10,17,Summer,Summer2017,2530,105.42
Paternoster,2017,10,18,Summer,Summer2017,3500,129.63
Paternoster,2017,10,19,Summer,Summer2017,3825,127.50
Paternoster,2017,10,20,Summer,Summer2017,5901,178.82
Paternoster,2017,10,23,Summer,Summer2017,2290,109.05
Paternoster,2017,10,30,Summer,Summer2017,670,111.67
Paternoster,2017,10,31,Summer,Summer2017,1835,122.33
Paternoster,2017,11,1,Summer,Summer2017,3245,154.52
Paternoster,2017,11,2,Summer,Summer2017,10985,610.28
Paternoster,2017,11,3,Summer,Summer2017,10140,307.27
Paternoster,2017,11,6,Summer,Summer2017,17500,486.11
Paternoster,2017,11,7,Summer,Summer2017,19065,453.93
Paternoster,2017,11,8,Summer,Summer2017,8225,210.90
Paternoster,2017,11,13,Summer,Summer2017,7255,201.53
Paternoster,2017,11,14,Summer,Summer2017,5885,178.33
Paternoster,2017,11,15,Summer,Summer2017,15395,513.17
Paternoster,2017,11,16,Summer,Summer2017,22815,760.50
Paternoster,2017,11,17,Summer,Summer2017,23690,564.05
Paternoster,2017,11,22,Summer,Summer2017,4500,300.00
Paternoster,2017,11,30,Summer,Summer2017,3440,229.33
Paternoster,2017,12,1,Summer,Summer2017,2910,242.50
Paternoster,2017,12,4,Summer,Summer2017,8000,380.95
Paternoster,2017,12,5,Summer,Summer2017,11500,348.48
Paternoster,2017,12,6,Summer,Summer2017,19500,590.91
Paternoster,2017,12,7,Summer,Summer2017,18355,679.81
Paternoster,2017,12,11,Summer,Summer2017,1870,155.83
Paternoster,2017,12,12,Summer,Summer2017,1270,141.11
Paternoster,2017,12,13,Summer,Summer2017,3790,210.56
Paternoster,2017,12,14,Summer,Summer2017,6370,353.89
Paternoster,2017,12,15,Summer,Summer2017,4030,167.92
Paternoster,2017,12,18,Summer,Summer2017,4420,147.33
Paternoster,2017,12,19,Summer,Summer2017,10910,363.67
Paternoster,2017,12,20,Summer,Summer2017,9035,273.79
Paternoster,2017,12,21,Summer,Summer2017,2730,130.00
Paternoster,2017,3,10,Winter,Winter2017,11250,900.00
Paternoster,2017,3,13,Winter,Winter2017,15500,688.89
Paternoster,2017,3,14,Winter,Winter2017,12000,533.33
Paternoster,2017,3,15,Winter,Winter2017,9500,380.00
Paternoster,2017,3,16,Winter,Winter2017,7580,505.33
Paternoster,2017,3,17,Winter,Winter2017,7070,353.50
Paternoster,2017,3,28,Winter,Winter2017,16000,711.11
Paternoster,2017,3,29,Winter,Winter2017,1900,63.33
Paternoster,2017,3,30,Winter,Winter2017,16300,501.54
Paternoster,2017,4,10,Winter,Winter2017,1750,175.00
Paternoster,2017,4,11,Winter,Winter2017,13335,1333.50
Paternoster,2017,4,12,Winter,Winter2017,10940,486.22
Paternoster,2017,4,13,Winter,Winter2017,6500,325.00
Paternoster,2017,4,24,Winter,Winter2017,3685,368.50
Paternoster,2017,4,25,Winter,Winter2017,16000,640.00
Paternoster,2017,4,26,Winter,Winter2017,10667,533.35
Paternoster,2017,4,28,Winter,Winter2017,5190,259.50
Paternoster,2017,5,8,Winter,Winter2017,830,138.33
Paternoster,2017,5,9,Winter,Winter2017,1950,216.67
Paternoster,2017,5,10,Winter,Winter2017,550,110.00
Paternoster,2017,5,12,Winter,Winter2017,1970,328.33
Paternoster,2017,5,15,Winter,Winter2017,1310,218.33
Paternoster,2017,5,22,Winter,Winter2017,580,96.67
Paternoster,2017,5,23,Winter,Winter2017,960,213.33
Paternoster,2017,5,24,Winter,Winter2017,1820,227.50
Paternoster,2017,5,25,Winter,Winter2017,4650,620.00
Paternoster,2017,5,26,Winter,Winter2017,3990,285.00
Paternoster,2017,5,29,Winter,Winter2017,15325,510.83
Paternoster,2017,5,30,Winter,Winter2017,2370,263.33
Paternoster,2017,6,22,Winter,Winter2017,1175,130.56
Paternoster,2017,6,23,Winter,Winter2017,2500,208.33
Paternoster,2017,6,26,Winter,Winter2017,4220,351.67
Paternoster,2017,6,27,Winter,Winter2017,NaN,0.00
Paternoster,2017,7,10,Winter,Winter2017,1175,130.56
Paternoster,2017,7,11,Winter,Winter2017,4710,314.00
Paternoster,2017,7,12,Winter,Winter2017,7475,355.95
Paternoster,2017,7,13,Winter,Winter2017,5477,456.42
Paternoster,2017,7,24,Winter,Winter2017,5815,276.90
Paternoster,2017,7,26,Winter,Winter2017,4320,240.00
Paternoster,2017,7,27,Winter,Winter2017,5900,327.78
Paternoster,2017,7,28,Winter,Winter2017,1720,286.67
Paternoster,2017,8,7,Winter,Winter2017,7530,313.75
Paternoster,2017,8,8,Winter,Winter2017,13180,549.17
Paternoster,2017,8,10,Winter,Winter2017,11917,496.54
Paternoster,2017,8,18,Winter,Winter2017,585,36.56
Paternoster,2017,8,21,Winter,Winter2017,1270,79.38
Paternoster,2017,8,22,Winter,Winter2017,3017,167.61
Paternoster,2017,8,23,Winter,Winter2017,3020,143.81
Paternoster,2017,8,24,Winter,Winter2017,3050,203.33
Paternoster,2017,8,25,Winter,Winter2017,1670,79.52
Paternoster,2018,1,2,Summer,Summer2018,13450,489.09
Paternoster,2018,1,3,Summer,Summer2018,12600,458.18
Paternoster,2018,1,4,Summer,Summer2018,12495,555.33
Paternoster,2018,1,5,Summer,Summer2018,15565,889.43
Paternoster,2018,1,15,Summer,Summer2018,2400,200.00
Paternoster,2018,1,16,Summer,Summer2018,1050,87.50
Paternoster,2018,1,17,Summer,Summer2018,10030,573.14
Paternoster,2018,1,18,Summer,Summer2018,14250,712.50
Paternoster,2018,1,19,Summer,Summer2018,18615,827.33
Paternoster,2018,1,30,Summer,Summer2018,20500,820.00
Paternoster,2018,1,31,Summer,Summer2018,21000,700.00
Paternoster,2018,2,1,Summer,Summer2018,18500,740.00
Paternoster,2018,2,2,Summer,Summer2018,16900,676.00
Paternoster,2018,2,13,Summer,Summer2018,16500,733.33
Paternoster,2018,2,14,Summer,Summer2018,16500,660.00
Paternoster,2018,2,15,Summer,Summer2018,20730,691.00
Paternoster,2018,2,16,Summer,Summer2018,22125,632.14
Paternoster,2018,2,19,Summer,Summer2018,24400,976.00
Paternoster,2018,2,20,Summer,Summer2018,6610,528.80
Paternoster,2018,2,26,Summer,Summer2018,8000,800.00
Paternoster,2018,2,27,Summer,Summer2018,12860,571.56
Paternoster,2018,2,28,Summer,Summer2018,21680,1084.00
Paternoster,2018,9,10,Summer,Summer2018,22595,456.46
Paternoster,2018,9,11,Summer,Summer2018,4966,137.94
Paternoster,2018,9,12,Summer,Summer2018,3800,168.89
Paternoster,2018,9,21,Summer,Summer2018,1650,137.50
Paternoster,2018,9,25,Summer,Summer2018,2320,116.00
Paternoster,2018,9,26,Summer,Summer2018,1920,256.00
Paternoster,2018,10,5,Summer,Summer2018,1050,105.00
Paternoster,2018,10,8,Summer,Summer2018,2600,173.33
Paternoster,2018,10,9,Summer,Summer2018,4430,140.63
Paternoster,2018,10,10,Summer,Summer2018,3600,240.00
Paternoster,2018,11,5,Summer,Summer2018,2330,258.89
Paternoster,2018,11,6,Summer,Summer2018,9500,395.83
Paternoster,2018,11,7,Summer,Summer2018,26390,799.70
Paternoster,2018,11,8,Summer,Summer2018,7560,315.00
Paternoster,2018,11,9,Summer,Summer2018,15410,342.44
Paternoster,2018,9,5,Summer,Summer2018,21090,426.06
Paternoster,2018,9,20,Summer,Summer2018,24945,692.92
Paternoster,2018,9,21,Summer,Summer2018,9695,269.31
Britannia Bay,2018,9,3,Summer,Summer2018,1650,825.00
Britannia Bay,2018,9,4,Summer,Summer2018,1600,800.00
Britannia Bay,2018,9,11,Summer,Summer2018,1900,633.33
Britannia Bay,2018,9,12,Summer,Summer2018,1500,750.00
Britannia Bay,2018,10,23,Summer,Summer2018,1850,462.50
Britannia Bay,2018,10,24,Summer,Summer2018,1850,616.67
Britannia Bay,2018,10,25,Summer,Summer2018,1750,875.00
Britannia Bay,2018,10,26,Summer,Summer2018,2100,700.00
Britannia Bay,2018,10,29,Summer,Summer2018,1950,650.00
Britannia Bay,2018,10,30,Summer,Summer2018,1650,550.00
Britannia Bay,2018,10,31,Summer,Summer2018,1550,775.00
Britannia Bay,2018,11,5,Summer,Summer2018,1500,750.00
Britannia Bay,2018,11,6,Summer,Summer2018,1700,850.00
Britannia Bay,2018,11,7,Summer,Summer2018,1750,583.33
Britannia Bay,2018,11,8,Summer,Summer2018,2900,580.00
Britannia Bay,2018,11,21,Summer,Summer2018,1950,487.50
Britannia Bay,2018,11,22,Summer,Summer2018,2150,430.00
Britannia Bay,2018,12,3,Summer,Summer2018,2100,420.00
Britannia Bay,2018,12,10,Summer,Summer2018,1600,533.33
Britannia Bay,2018,12,14,Summer,Summer2018,2300,460.00
Britannia Bay,2018,12,17,Summer,Summer2018,2100,700.00
Britannia Bay,2018,12,18,Summer,Summer2018,1850,925.00
Britannia Bay,2018,12,19,Summer,Summer2018,1500,750.00
Paternoster,2018,3,15,Winter,Winter2018,8500,404.76
Paternoster,2018,3,16,Winter,Winter2018,18000,395.60
Paternoster,2018,3,19,Winter,Winter2018,22000,571.43
Paternoster,2018,3,20,Winter,Winter2018,19040,494.55
Paternoster,2018,3,22,Winter,Winter2018,NaN,0.00
Paternoster,2018,4,17,Winter,Winter2018,18000,450.00
Paternoster,2018,4,19,Winter,Winter2018,17500,437.50
Paternoster,2018,5,14,Winter,Winter2018,7750,221.43
Paternoster,2018,5,28,Winter,Winter2018,9500,395.83
Paternoster,2018,5,29,Winter,Winter2018,9500,234.57
Paternoster,2018,5,30,Winter,Winter2018,8500,157.41
Paternoster,2018,6,0,Winter,Winter2018,NaN,NaN
Paternoster,2018,7,12,Winter,Winter2018,6195,275.33
Paternoster,2018,7,13,Winter,Winter2018,2790,186.00
Paternoster,2018,7,16,Winter,Winter2018,4500,187.50
Paternoster,2018,7,17,Winter,Winter2018,2500,92.59
Paternoster,2018,7,18,Winter,Winter2018,920,306.67
Paternoster,2018,7,26,Winter,Winter2018,1340,111.67
Paternoster,2018,7,27,Winter,Winter2018,2090,139.33
Paternoster,2018,7,30,Winter,Winter2018,1800,120.00
Paternoster,2018,7,31,Winter,Winter2018,2120,141.33
Paternoster,2018,8,10,Winter,Winter2018,6090,290.00
Paternoster,2018,8,13,Winter,Winter2018,6780,242.14
Paternoster,2018,8,14,Winter,Winter2018,3922,224.11
Paternoster,2018,8,29,Winter,Winter2018,2000,166.67
Paternoster,2018,6,6,Winter,Winter2018,19715,821.46
Paternoster,2018,8,7,Winter,Winter2018,1110,92.50
Paternoster,2018,6,10,Winter,Winter2018,7510,278.15
Paternoster,2018,6,11,Winter,Winter2018,8310,395.71
Paternoster,2018,6,12,Winter,Winter2018,4410,367.50
Paternoster,2018,6,18,Winter,Winter2018,8835,368.13
Britannia Bay,2018,8,10,Winter,Winter2018,1250,625.00
Britannia Bay,2018,8,13,Winter,Winter2018,1700,566.67
Britannia Bay,2018,8,14,Winter,Winter2018,1450,483.33
Britannia Bay,2018,8,15,Winter,Winter2018,1200,400.00
Britannia Bay,2018,8,16,Winter,Winter2018,1850,616.67
Britannia Bay,2018,8,17,Winter,Winter2018,1450,725.00
Britannia Bay,2018,8,27,Winter,Winter2018,1700,566.67
Britannia Bay,2018,8,28,Winter,Winter2018,1350,675.00
Britannia Bay,2018,8,30,Winter,Winter2018,1500,500.00
Paternoster,2019,1,2,Summer,Summer2019,2100,100.00
Paternoster,2019,1,3,Summer,Summer2019,15850,352.22
Paternoster,2019,1,4,Summer,Summer2019,23560,402.74
Paternoster,2019,1,7,Summer,Summer2019,11600,234.34
Paternoster,2019,1,8,Summer,Summer2019,5655,209.44
Paternoster,2019,1,9,Summer,Summer2019,6725,249.07
Paternoster,2019,1,10,Summer,Summer2019,8915,594.33
Paternoster,2019,1,21,Summer,Summer2019,19530,620.00
Paternoster,2019,1,22,Summer,Summer2019,23160,467.88
Paternoster,2019,1,23,Summer,Summer2019,16430,456.39
Paternoster,2019,2,4,Summer,Summer2019,6190,343.89
Paternoster,2019,2,5,Summer,Summer2019,11660,287.90
Paternoster,2019,2,6,Summer,Summer2019,10675,296.53
Paternoster,2019,2,7,Summer,Summer2019,7625,282.41
Paternoster,2019,2,8,Summer,Summer2019,7610,253.67
Paternoster,2019,2,18,Summer,Summer2019,5180,215.83
Paternoster,2019,2,19,Summer,Summer2019,9775,465.48
Paternoster,2019,2,20,Summer,Summer2019,22855,564.32
Paternoster,2019,2,21,Summer,Summer2019,22000,407.41
Paternoster,2019,2,22,Summer,Summer2019,20000,454.55
Paternoster,2019,9,2,Summer,Summer2019,5500,305.56
Paternoster,2019,9,3,Summer,Summer2019,1620,135.00
Paternoster,2019,9,12,Summer,Summer2019,846,67.68
Paternoster,2019,9,16,Summer,Summer2019,2830,202.14
Paternoster,2019,9,17,Summer,Summer2019,4000,222.22
Paternoster,2019,9,18,Summer,Summer2019,9500,395.83
Paternoster,2019,9,25,Summer,Summer2019,10000,476.19
Paternoster,2019,9,26,Summer,Summer2019,8265,306.11
Paternoster,2019,9,27,Summer,Summer2019,15860,406.67
Paternoster,2019,9,30,Summer,Summer2019,15050,557.41
Paternoster,2019,10,1,Summer,Summer2019,9000,300.00
Paternoster,2019,10,2,Summer,Summer2019,7700,366.67
Paternoster,2019,10,3,Summer,Summer2019,3280,546.67
Paternoster,2019,11,25,Summer,Summer2019,1890,157.50
Paternoster,2019,11,26,Summer,Summer2019,2780,231.67
Paternoster,2019,11,27,Summer,Summer2019,2690,179.33
Paternoster,2019,11,28,Summer,Summer2019,1092,52.00
Paternoster,2019,12,10,Summer,Summer2019,4630,308.67
Paternoster,2019,12,11,Summer,Summer2019,3100,147.62
Paternoster,2019,12,12,Summer,Summer2019,7460,414.44
Paternoster,2019,12,13,Summer,Summer2019,6420,267.50
Paternoster,2019,12,23,Summer,Summer2019,9955,474.05
Paternoster,2019,12,24,Summer,Summer2019,2180,145.33
Paternoster,2019,12,27,Summer,Summer2019,3090,128.75
Paternoster,2019,12,30,Summer,Summer2019,10636,354.53
Britannia Bay,2019,1,10,Summer,Summer2019,1450,725.00
Britannia Bay,2019,1,18,Summer,Summer2019,1430,715.00
Britannia Bay,2019,1,21,Summer,Summer2019,2100,420.00
Britannia Bay,2019,1,22,Summer,Summer2019,1700,566.67
Britannia Bay,2019,1,23,Summer,Summer2019,1900,633.33
Britannia Bay,2019,1,24,Summer,Summer2019,900,450.00
Britannia Bay,2019,1,25,Summer,Summer2019,1450,483.33
Britannia Bay,2019,2,18,Summer,Summer2019,1830,610.00
Britannia Bay,2019,2,19,Summer,Summer2019,1550,775.00
Britannia Bay,2019,2,20,Summer,Summer2019,1650,825.00
Britannia Bay,2019,2,21,Summer,Summer2019,1600,1600.00
Britannia Bay,2019,2,NaN,Summer,Summer2019,800,NaN
Britannia Bay,2019,9,9,Summer,Summer2019,1950,975.00
Britannia Bay,2019,9,10,Summer,Summer2019,2200,733.33
Britannia Bay,2019,9,11,Summer,Summer2019,1800,600.00
Britannia Bay,2019,9,12,Summer,Summer2019,300,300.00
Britannia Bay,2019,9,13,Summer,Summer2019,1000,500.00
Britannia Bay,2019,9,16,Summer,Summer2019,1800,900.00
Britannia Bay,2019,9,17,Summer,Summer2019,1050,350.00
Britannia Bay,2019,9,18,Summer,Summer2019,1300,433.33
Britannia Bay,2019,9,19,Summer,Summer2019,2000,500.00
Britannia Bay,2019,9,20,Summer,Summer2019,1500,300.00
Paternoster,2019,3,25,Winter,Winter2019,4515,188.13
Paternoster,2019,4,2,Winter,Winter2019,2195,137.19
Paternoster,2019,4,3,Winter,Winter2019,7790,288.52
Paternoster,2019,4,4,Winter,Winter2019,12400,516.67
Paternoster,2019,4,5,Winter,Winter2019,19035,634.50
Paternoster,2019,4,8,Winter,Winter2019,10430,289.72
Paternoster,2019,4,9,Winter,Winter2019,10805,300.14
Paternoster,2019,4,10,Winter,Winter2019,12741,386.09
Paternoster,2019,4,17,Winter,Winter2019,18630,776.25
Paternoster,2019,4,18,Winter,Winter2019,26950,898.33
Paternoster,2019,4,23,Winter,Winter2019,8000,380.95
Paternoster,2019,4,24,Winter,Winter2019,5780,240.83
Paternoster,2019,4,25,Winter,Winter2019,3400,566.67
Paternoster,2019,4,30,Winter,Winter2019,1960,326.67
Paternoster,2019,5,3,Winter,Winter2019,12500,520.83
Paternoster,2019,5,6,Winter,Winter2019,12430,345.28
Paternoster,2019,5,7,Winter,Winter2019,21410,648.79
Paternoster,2019,5,9,Winter,Winter2019,11365,378.83
Paternoster,2019,5,15,Winter,Winter2019,8490,283.00
Paternoster,2019,5,16,Winter,Winter2019,21296,709.87
Paternoster,2019,5,17,Winter,Winter2019,10740,447.50
Paternoster,2019,6,3,Winter,Winter2019,13320,444.00
Paternoster,2019,6,4,Winter,Winter2019,22155,615.42
Paternoster,2019,6,6,Winter,Winter2019,8830,327.04
Paternoster,2019,6,7,Winter,Winter2019,8485,404.05
Paternoster,2019,6,19,Winter,Winter2019,3100,129.17
Paternoster,2019,6,20,Winter,Winter2019,3440,163.81
Paternoster,2019,7,15,Winter,Winter2019,595,59.50
Paternoster,2019,8,2,Winter,Winter2019,1085,180.83
Paternoster,2019,8,15,Winter,Winter2019,1320,73.33
Paternoster,2019,8,19,Winter,Winter2019,690,92.00
Paternoster,2019,8,20,Winter,Winter2019,1000,133.33
Paternoster,2019,8,21,Winter,Winter2019,523,69.73
Paternoster,2019,8,29,Winter,Winter2019,3000,250.00
Paternoster,2019,8,30,Winter,Winter2019,6500,361.11
Britannia Bay,2019,3,4,Winter,Winter2019,1500,750.00
Britannia Bay,2019,3,5,Winter,Winter2019,2000,666.67
Britannia Bay,2019,3,6,Winter,Winter2019,1700,850.00
Britannia Bay,2019,3,7,Winter,Winter2019,2500,625.00
Britannia Bay,2019,3,8,Winter,Winter2019,2000,400.00
Britannia Bay,2019,3,11,Winter,Winter2019,1500,750.00
Britannia Bay,2019,3,12,Winter,Winter2019,1800,900.00
Britannia Bay,2019,3,13,Winter,Winter2019,2000,666.67
Britannia Bay,2019,3,14,Winter,Winter2019,1000,1000.00
Britannia Bay,2019,3,15,Winter,Winter2019,1900,950.00
Britannia Bay,2019,3,25,Winter,Winter2019,1800,900.00
Britannia Bay,2019,3,26,Winter,Winter2019,2000,666.67
Britannia Bay,2019,3,27,Winter,Winter2019,1700,566.67
Britannia Bay,2019,3,28,Winter,Winter2019,1500,1500.00
Britannia Bay,2019,3,29,Winter,Winter2019,950,475.00
Britannia Bay,2019,4,0,Winter,Winter2019,NaN,NaN
Britannia Bay,2019,5,6,Winter,Winter2019,2500,625.00
Britannia Bay,2019,5,7,Winter,Winter2019,2000,444.44
Britannia Bay,2019,5,8,Winter,Winter2019,1500,750.00
Britannia Bay,2019,5,9,Winter,Winter2019,1000,500.00
Britannia Bay,2019,5,10,Winter,Winter2019,2000,666.67
Britannia Bay,2019,5,13,Winter,Winter2019,1500,750.00
Britannia Bay,2019,5,14,Winter,Winter2019,2000,666.67
Britannia Bay,2019,5,15,Winter,Winter2019,900,900.00
Britannia Bay,2019,5,16,Winter,Winter2019,2000,666.67
Britannia Bay,2019,5,17,Winter,Winter2019,1500,750.00
Britannia Bay,2019,5,20,Winter,Winter2019,1500,500.00
Britannia Bay,2019,5,21,Winter,Winter2019,1900,542.86
Britannia Bay,2019,5,22,Winter,Winter2019,2500,625.00
Britannia Bay,2019,5,23,Winter,Winter2019,2000,363.64
Britannia Bay,2019,5,24,Winter,Winter2019,2500,416.67
Britannia Bay,2019,6,0,Winter,Winter2019,NaN,NaN
Britannia Bay,2019,7,0,Winter,Winter2019,NaN,NaN
Britannia Bay,2019,8,0,Winter,Winter2019,NaN,NaN
Paternoster,2020,1,9,Summer,Summer2020,2445,163.00
Paternoster,2020,1,10,Summer,Summer2020,6080,253.33
Paternoster,2020,1,13,Summer,Summer2020,6295,233.15
Paternoster,2020,1,14,Summer,Summer2020,4915,204.79
Paternoster,2020,1,15,Summer,Summer2020,4065,271.00
Paternoster,2020,1,16,Summer,Summer2020,2020,96.19
Paternoster,2020,1,22,Summer,Summer2020,8530,355.42
Paternoster,2020,1,23,Summer,Summer2020,5480,228.33
Paternoster,2020,1,24,Summer,Summer2020,9830,327.67
Paternoster,2020,1,27,Summer,Summer2020,1740,72.50
Paternoster,2020,1,28,Summer,Summer2020,8110,386.19
Paternoster,2020,1,29,Summer,Summer2020,3850,183.33
Paternoster,2020,2,4,Summer,Summer2020,3330,222.00
Paternoster,2020,2,5,Summer,Summer2020,1505,125.42
Paternoster,2020,2,6,Summer,Summer2020,7133,339.67
Paternoster,2020,2,10,Summer,Summer2020,12530,417.67
Paternoster,2020,2,11,Summer,Summer2020,14280,408.00
Paternoster,2020,2,12,Summer,Summer2020,8370,348.75
Paternoster,2020,2,13,Summer,Summer2020,10000,512.82
Paternoster,2020,2,20,Summer,Summer2020,2250,375.00
Paternoster,2020,2,21,Summer,Summer2020,4330,180.42
Paternoster,2020,2,22,Summer,Summer2020,8530,355.42
Paternoster,2020,2,23,Summer,Summer2020,5480,228.33
Paternoster,2020,2,24,Summer,Summer2020,8170,389.05
Paternoster,2020,2,24,Summer,Summer2020,9830,327.67
Paternoster,2020,2,25,Summer,Summer2020,8490,353.75
Paternoster,2020,2,26,Summer,Summer2020,6010,333.89
Paternoster,2020,2,27,Summer,Summer2020,6620,339.49
Paternoster,2020,2,27,Summer,Summer2020,1740,108.75
Paternoster,2020,2,28,Summer,Summer2020,8110,386.19
Paternoster,2020,2,29,Summer,Summer2020,3850,183.33
Paternoster,2020,9,3,Summer,Summer2020,3220,178.89
Paternoster,2020,9,4,Summer,Summer2020,1150,95.83
Paternoster,2020,9,15,Summer,Summer2020,980,217.78
Paternoster,2020,9,16,Summer,Summer2020,2530,168.67
Paternoster,2020,9,17,Summer,Summer2020,6170,293.81
Paternoster,2020,9,18,Summer,Summer2020,4485,213.57
Paternoster,2020,9,29,Summer,Summer2020,5645,235.21
Paternoster,2020,10,1,Summer,Summer2020,1405,93.67
Paternoster,2020,10,2,Summer,Summer2020,1915,319.17
Paternoster,2020,10,5,Summer,Summer2020,3470,289.17
Paternoster,2020,10,6,Summer,Summer2020,2430,270.00
Paternoster,2020,10,7,Summer,Summer2020,5800,175.76
Paternoster,2020,10,14,Summer,Summer2020,2625,125.00
Paternoster,2020,10,15,Summer,Summer2020,3500,233.33
Paternoster,2020,10,16,Summer,Summer2020,4340,241.11
Paternoster,2020,10,19,Summer,Summer2020,7485,415.83
Paternoster,2020,10,20,Summer,Summer2020,1225,81.67
Paternoster,2020,11,2,Summer,Summer2020,2620,145.56
Paternoster,2020,11,10,Summer,Summer2020,4430,164.07
Paternoster,2020,11,11,Summer,Summer2020,3460,138.40
Paternoster,2020,11,12,Summer,Summer2020,1525,152.50
Paternoster,2020,11,13,Summer,Summer2020,4080,226.67
Paternoster,2020,11,16,Summer,Summer2020,9000,300.00
Paternoster,2020,11,17,Summer,Summer2020,3400,226.67
Paternoster,2020,11,18,Summer,Summer2020,3920,326.67
Paternoster,2020,11,19,Summer,Summer2020,2350,188.00
Paternoster,2020,11,30,Summer,Summer2020,6400,284.44
Paternoster,2020,12,1,Summer,Summer2020,2000,200.00
Paternoster,2020,12,2,Summer,Summer2020,2470,205.83
Paternoster,2020,12,3,Summer,Summer2020,1755,292.50
Paternoster,2020,12,4,Summer,Summer2020,2200,125.71
Paternoster,2020,12,14,Summer,Summer2020,1680,120.00
Paternoster,2020,12,15,Summer,Summer2020,3135,149.29
Paternoster,2020,12,17,Summer,Summer2020,2350,188.00
Paternoster,2020,12,18,Summer,Summer2020,1010,101.00
Paternoster,2020,12,28,Summer,Summer2020,1584,105.60
Paternoster,2020,12,29,Summer,Summer2020,1760,100.57
Paternoster,2020,12,30,Summer,Summer2020,4060,180.44
Paternoster,2020,12,31,Summer,Summer2020,4700,235.00
Britannia Bay,2020,9,NaN,Summer,Summer2020,0,NaN
Britannia Bay,2020,10,NaN,Summer,Summer2020,0,NaN
Britannia Bay,2020,11,NaN,Summer,Summer2020,0,NaN
Britannia Bay,2020,12,NaN,Summer,Summer2020,0,NaN
Paternoster,2020,3,10,Winter,Winter2020,4000,200.00
Paternoster,2020,3,11,Winter,Winter2020,7000,333.33
Paternoster,2020,3,12,Winter,Winter2020,13400,670.00
Paternoster,2020,3,13,Winter,Winter2020,5750,359.38
Paternoster,2020,3,16,Winter,Winter2020,4000,285.71
Paternoster,2020,3,20,Winter,Winter2020,1110,222.00
Paternoster,2020,3,23,Winter,Winter2020,4650,232.50
Paternoster,2020,5,4,Winter,Winter2020,9600,457.14
Paternoster,2020,6,3,Winter,Winter2020,1230,136.67
Paternoster,2020,6,4,Winter,Winter2020,3230,134.58
Paternoster,2020,6,5,Winter,Winter2020,7000,388.89
Paternoster,2020,6,22,Winter,Winter2020,850,170.00
Paternoster,2020,6,23,Winter,Winter2020,8800,586.67
Paternoster,2020,6,24,Winter,Winter2020,8000,444.44
Paternoster,2020,7,3,Winter,Winter2020,4500,375.00
Paternoster,2020,7,7,Winter,Winter2020,252,84.00
Paternoster,2020,7,8,Winter,Winter2020,1050,87.50
Paternoster,2020,7,9,Winter,Winter2020,750,83.33
Paternoster,2020,7,20,Winter,Winter2020,850,106.25
Paternoster,2020,7,21,Winter,Winter2020,385,96.25
Paternoster,2020,7,23,Winter,Winter2020,1550,172.22
Paternoster,2020,8,3,Winter,Winter2020,1300,72.22
Paternoster,2020,8,4,Winter,Winter2020,1660,92.22
Paternoster,2020,8,5,Winter,Winter2020,750,150.00
Paternoster,2020,8,6,Winter,Winter2020,3075,256.25
Paternoster,2020,8,19,Winter,Winter2020,3755,178.81
Paternoster,2020,8,20,Winter,Winter2020,6000,222.22
Paternoster,2020,8,21,Winter,Winter2020,4700,223.81
Britannia Bay,2020,8,NaN,Winter,Winter2020,0,NaN
Paternoster,2021,1,11,Summer,Summer2021,3865,309.20
Paternoster,2021,1,12,Summer,Summer2021,6950,463.33
Paternoster,2021,1,13,Summer,Summer2021,5605,207.59
Paternoster,2021,1,14,Summer,Summer2021,3745,214.00
Paternoster,2021,1,15,Summer,Summer2021,3460,115.33
Paternoster,2021,1,18,Summer,Summer2021,4000,800.00
Paternoster,2021,1,27,Summer,Summer2021,2200,183.33
Paternoster,2021,1,28,Summer,Summer2021,1600,64.00
Paternoster,2021,1,29,Summer,Summer2021,3380,160.95
Paternoster,2021,2,1,Summer,Summer2021,3320,199.20
Paternoster,2021,2,2,Summer,Summer2021,3255,271.25
Paternoster,2021,2,3,Summer,Summer2021,3130,313.00
Paternoster,2021,2,10,Summer,Summer2021,3430,196.00
Paternoster,2021,2,11,Summer,Summer2021,1200,160.00
Paternoster,2021,2,12,Summer,Summer2021,4260,154.91
Paternoster,2021,2,15,Summer,Summer2021,4067,193.67
Paternoster,2021,2,16,Summer,Summer2021,5455,259.76
Paternoster,2021,2,17,Summer,Summer2021,2475,275.00
Paternoster,2021,2,22,Summer,Summer2021,2090,418.00
Paternoster,2021,2,23,Summer,Summer2021,1980,264.00
Paternoster,2021,2,24,Summer,Summer2021,4270,355.83
Paternoster,2021,2,25,Summer,Summer2021,8290,394.76
Paternoster,2021,2,26,Summer,Summer2021,8000,380.95
Britannia Bay,2021,1,12,Summer,Summer2021,2300,766.67
Britannia Bay,2021,1,13,Summer,Summer2021,2100,600.00
Britannia Bay,2021,1,14,Summer,Summer2021,2400,1200.00
Britannia Bay,2021,1,15,Summer,Summer2021,1815,605.00
Britannia Bay,2021,2,1,Summer,Summer2021,1300,866.67
Britannia Bay,2021,2,2,Summer,Summer2021,1050,262.50
Britannia Bay,2021,2,3,Summer,Summer2021,480,240.00
Britannia Bay,2021,2,21,Summer,Summer2021,1700,566.67
Britannia Bay,2021,2,22,Summer,Summer2021,2300,657.14
Britannia Bay,2021,2,24,Summer,Summer2021,1550,387.50
Britannia Bay,2021,2,25,Summer,Summer2021,2550,425.00
Britannia Bay,2021,2,26,Summer,Summer2021,2000,400.00
Britannia Bay,2021,9,0,Summer,Summer2021,0,NaN
Britannia Bay,2021,10,0,Summer,Summer2021,0,NaN
Paternoster,2021,3,1,Winter,Winter2021,6705,319.29
Paternoster,2021,3,2,Winter,Winter2021,8225,391.67
Paternoster,2021,3,3,Winter,Winter2021,5570,265.24
Paternoster,2021,3,12,Winter,Winter2021,2125,88.54
Paternoster,2021,3,15,Winter,Winter2021,3660,174.29
Paternoster,2021,3,16,Winter,Winter2021,7845,326.88
Paternoster,2021,3,17,Winter,Winter2021,5850,243.75
Paternoster,2021,3,18,Winter,Winter2021,3470,289.17
Paternoster,2021,3,19,Winter,Winter2021,3510,280.80
Paternoster,2021,3,24,Winter,Winter2021,1250,125.00
Paternoster,2021,3,25,Winter,Winter2021,1870,89.05
Paternoster,2021,3,26,Winter,Winter2021,4350,181.25
Paternoster,2021,3,29,Winter,Winter2021,8990,599.33
Paternoster,2021,3,30,Winter,Winter2021,12330,342.50
Paternoster,2021,3,31,Winter,Winter2021,14000,358.97
Britannia Bay,2021,3,1,Winter,Winter2021,1700,850.00
Britannia Bay,2021,3,2,Winter,Winter2021,2000,1000.00
Britannia Bay,2021,3,3,Winter,Winter2021,2500,500.00
Britannia Bay,2021,3,4,Winter,Winter2021,750,375.00
Britannia Bay,2021,3,5,Winter,Winter2021,1800,600.00
Britannia Bay,2021,3,16,Winter,Winter2021,1700,566.67
Britannia Bay,2021,3,17,Winter,Winter2021,1150,230.00
Britannia Bay,2021,4,12,Winter,Winter2021,850,425.00
Britannia Bay,2021,4,13,Winter,Winter2021,2000,400.00
Britannia Bay,2021,4,14,Winter,Winter2021,1050,350.00
Britannia Bay,2021,4,15,Winter,Winter2021,900,300.00
Britannia Bay,2021,5,0,Winter,Winter2021,0,NaN
Britannia Bay,2021,6,14,Winter,Winter2021,1750,437.50
Britannia Bay,2021,6,15,Winter,Winter2021,1800,327.27
Britannia Bay,2021,6,17,Winter,Winter2021,1250,625.00
Britannia Bay,2021,7,0,Winter,Winter2021,0,NaN
Britannia Bay,2021,8,0,Winter,Winter2021,0,NaN
Paternoster,2023,9,1,Summer,Summer2023,4200,280.00
Paternoster,2023,9,13,Summer,Summer2023,2000,95.24
Paternoster,2023,9,14,Summer,Summer2023,1200,150.00
Paternoster,2023,9,28,Summer,Summer2023,2500,250.00
Paternoster,2023,9,29,Summer,Summer2023,1200,96.00
Paternoster,2023,10,3,Summer,Summer2023,1200,96.00
Paternoster,2023,10,4,Summer,Summer2023,460,61.33
Paternoster,2023,10,13,Summer,Summer2023,2000,160.00
Paternoster,2023,10,16,Summer,Summer2023,2790,223.20
Paternoster,2023,10,17,Summer,Summer2023,2500,111.11
Paternoster,2023,10,18,Summer,Summer2023,1400,186.67
Paternoster,2023,10,26,Summer,Summer2023,2100,168.00
Paternoster,2023,10,27,Summer,Summer2023,4600,262.86
Paternoster,2023,10,30,Summer,Summer2023,1960,156.80
Paternoster,2023,7,17,Winter,Winter2023,2500,166.67
Paternoster,2023,7,18,Winter,Winter2023,430,107.50
Paternoster,2023,7,19,Winter,Winter2023,2300,153.33
Paternoster,2023,7,20,Winter,Winter2023,5400,225.00
Paternoster,2023,7,21,Winter,Winter2023,4500,214.29
Paternoster,2023,8,1,Winter,Winter2023,3705,154.38
Paternoster,2023,8,2,Winter,Winter2023,4500,187.50
Paternoster,2023,8,3,Winter,Winter2023,3000,250.00
Paternoster,2023,8,4,Winter,Winter2023,2800,233.33
Paternoster,2023,8,14,Winter,Winter2023,380,190.00
Paternoster,2023,8,15,Winter,Winter2023,2300,255.56
Paternoster,2023,8,16,Winter,Winter2023,3950,164.58
Paternoster,2023,8,17,Winter,Winter2023,3000,125.00
Paternoster,2023,8,18,Winter,Winter2023,3180,117.78
Paternoster,2023,8,28,Winter,Winter2023,1000,222.22
Paternoster,2023,8,29,Winter,Winter2023,1600,133.33
Paternoster,2023,8,30,Winter,Winter2023,2500,208.33
Paternoster,2023,8,31,Winter,Winter2023,4800,266.67
